MONTH,DATE,MODEL,PO NO 1.,Item,PO NO 2.,DEST,QTY,REPACKING ,RESULT,PARTIAL Q'TY,"PARTIAL
NO",BUILDING,LINE,TQC NUM,EMPLOYEE NO,QTY INSPECTION,OFFICIAL INSPECTOR,INSPECTOR TYPE,DESCRIPTION,REMARKS,INTERNAL INSPECTOR,Stitching issue,Wrong Packing issue(prs),NOTE
2,2/2/2026,TENSAUR SPORT 3.0 CF I,902219963,1,902219963-1,United Kingdom,390,,PASS,,,A,Asc 10-1,16A,624100316,50,MRS.VY,CFA,"Wobbling(1),Dirty Collar Lining(1)",,,,,
2,2/2/2026,TENSAUR SPORT 3.0 CF I,902151597,1,902151597-1,Chile,420,,PASS,,,A,Asc 10-2,42A,625100252,50,MS.NGÂN,CFA,Dirty Collar Lining(2),,,,,
2,2/2/2026,TENSAUR SPORT 3.0 CF I,902155149,1,902155149-1,Peru,"1,239",,PASS,,,A,Asc 05-1,23A,624110228,125,MS.HUỲNH,CFA,"Wobbling(2),Dirty O'S(2),Bonding Gap(1)",,,,,
2,2/2/2026,TENSAUR SPORT 3.0 CF I,902163747,1,902163747-1,Morocco,664,,PASS,,,A,Asc 05-1,23A,624110228,80,MR.NHỨT,CFA,"Dirty Collar Lining(1),Bonding Gap(1)",,,,,
2,2/2/2026,TENSAUR SPORT 3.0 CF I,902173244,1,902173244-1,Turkey,738,,PASS,,,A,Asc 08-1,41A,625080141,80,MS.HUỲNH,CFA,"Poor Attaching(1),Dirty Upper(2),Dirty O'S(1)",,,,,
2,2/2/2026,TENSAUR SPORT 3.0 CF I,902235301,1,902235301-1,Italy,640,,PASS,,,A,Asc 10-1,16A,624100316,80,MRS.VY,CFA,"Bonding Gap(1),Dirty Collar Lining(1),Wobbling(1)",,,,,
2,2/2/2026,TENSAUR SPORT 3.0 CF K,902165921,1,902165921-1,Mexico,"2,350",,PASS,,,A,Asc 04-2,40A,625060019,125,MR.NHỨT,CFA,"Dirty Collar Lining(3),Dirty Upper(2)",,,,,
2,2/2/2026,TENSAUR SPORT 3.0 CF K,902175141,1,902175141-1,Turkey,"6,861",,PASS,3200,P1,A,Asc 07-2,12A,622021407,125,MS.NGÂN,CFA,"Dirty Collar Lining(2),Dirty Upper(2),Bonding Gap(1),Poor Attaching(3)",,,,,
2,2/2/2026,VL COURT 3.0 K,902072530,1,902072530-1,Netherlands,"7,123",,PASS,3200,P1,A,Asc 05-2,44A,625110020,125,MR.THÁI,CFA,"Wobbling(2),Bonding Gap(2),Dirty O'S(2)",,,,,
2,2/2/2026,LIGHTSHIFT 2.0,902158086,1,902158086-1,Mexico,"1,383",,PASS,,,A,Asc 01-2,31A,624060331,125,MR.NHỨT,CFA,"Over Cement(2),Dirty M'S(1)",,,,,
2,2/2/2026,TENSAUR SPORT 3.0 CF K,902131769,1,902131769-1,United Kingdom,400,,PASS,,,B,Asc 01-1,27A,621030280,50,MRS.VY,CFA,Dirty Collar Lining(2),,,,,
2,2/2/2026,TENSAUR SPORT 3.0 CF K,902131772,1,902131772-1,United Kingdom,480,,PASS,,,B,Asc 03-2,84L,622030320,50,MRS.VY,CFA,Wobbling(2),,,,,
2,2/2/2026,TENSAUR SPORT 3.0 CF K,902219921,1,902219921-1,United Kingdom,480,,PASS,,,B,Asc 06-2,26B,623090198,50,MR.THÁI,CFA,Dirty Upper(2),,,,,
2,2/2/2026,TENSAUR SPORT 3.0 CF K,902219956,1,902219956-1,Netherlands,307,,PASS,,,B,Asc 03-2,84L,622030320,50,MRS.VY,CFA,"Bonding Gap(1),Over Primer O'S(1)",,,,,
2,2/2/2026,TENSAUR SPORT 3.0 CF K,902162264,1,902162264-1,Morocco,"1,597",,PASS,,,B,Asc 01-2,42B,625030063,125,MRS.VY,CFA,"Dirty Collar Lining(2),Dirty Upper(1),Bonding Gap(1)",,,,,
2,2/2/2026,TENSAUR SPORT 3.0 CF K,902165286,1,902165286-1,Mexico,100,,PASS,,,B,Asc 06-2,26B,623090198,20,MR.NHỨT,CFA,Left/Right Component Mismatch(1),,,,,
2,2/2/2026,GALAXY 7 M,901967114,1,901967114-1,United Kingdom,160,,PASS,,,C,Asc 11-2,28D,625080255,32,MRS.VY,CFA,Wobbling(1),,,,,
2,2/2/2026,GALAXY 7 M,902046338,1,902046338-1,Netherlands,400,,PASS,,,C,Asc 07-2,29D,624040410,50,MR.THÁI,CFA,"Over Cement(1),Dirty Collar Lining(1),Dirty O'S(1)",,,,,
2,2/2/2026,GALAXY 7 W,902053888,1,902053888-1,Italy,"3,907",,PASS,3200,P1,C,Asc 07-2,29D,624040410,125,MRS.VY,CFA,"Collar Lining Wrinkle(1),Over Primer O'S(2),Dirty M'S(2)",,,,,
2,2/2/2026,GALAXY 7 W,901806577,1,901806577-1,Netherlands,386,,PASS,,,C,Asc 11-1,11,623120136,50,MRS.VY,CFA,"Wobbling(1),Dirty O'S(1)",,,,,
2,2/2/2026,RUNFALCON 6 J,901957589,1,901957589-1,USA,504,,PASS,,,C,Asc 05-2,10D,624040283,80,MRS.VY,CFA,"Dirty Collar Lining(1),Collar Lining Damaged(1),Over Cement(1)",,,,,
2,2/2/2026,TENSAUR SPORT 3.0 K,902131765,1,902131765-1,Panama,"1,386",,PASS,,,C,Asc 01-1,11D,624080127,125,MR.THÁI,CFA,"Collar Lining Wrinkle(2),Thread Ends(3)",,,,,
2,2/2/2026,TENSAUR SPORT 3.0 K,902163225,1,902163225-1,Brazil,426,,PASS,,,C,Asc 01-2,31D,624040282,50,MRS.VY,CFA,"Dirty Collar Lining(1),Dirty O'S(1)",,,,,
2,2/2/2026,TENSAUR SPORT 3.0 K,902164692,1,902164692-1,Morocco,636,,PASS,,,C,Asc 05-2,10D,624040283,80,MRS.VY,CFA,"Dirty Collar Lining(1),Dirty Upper(1)",,,,,
2,2/2/2026,TENSAUR SPORT 3.0 K,902174395,1,902174395-1,Netherlands,"1,077",,PASS,,,C,Asc 01-2,31D,624040282,80,MRS.VY,CFA,"Thread Ends(2),Over Cement(2)",,,,,
2,2/2/2026,TENSAUR SPORT 3.0 K,902174644,1,902174644-1,United Kingdom,304,,PASS,,,C,Asc 06-1,16,621070084,50,MS.NGÂN,CFA,Collar Lining Wrinkle(2),,,,,
2,2/2/2026,TENSAUR SPORT 3.0 K,902219895,1,902219895-1,Peru,"1,026",,PASS,,,C,Asc 01-1,11D,624080127,80,MR.THÁI,CFA,"Dirty Upper(2),Thread Ends(2)",,,,,
2,2/2/2026,TENSAUR SPORT 3.0 K,902219972,1,902219972-1,United Kingdom,660,,PASS,,,C,Asc 07-1,25D,622070156,80,MR.THÁI,CFA,"Over Cement O'S(2),Wobbling(2)",,,,,
2,2/2/2026,VS PACE 2.0,902170287,1,902170287-1,Netherlands,420,,PASS,,,D,Asc 06-2,10C,624050200,50,MS.NGÂN,CFA,"Bonding Gap(2),Dirty O'S(1)",,,,,
2,2/2/2026,URBAN COURT,902146589,1,902146589-1,Mexico,"4,500",,PASS,3200,P1,D,Asc 03-2,34C,625020591,125,MR.NHỨT,CFA,"Over Cement(3),Dirty Upper(2)",,,,,
2,2/2/2026,URBAN COURT,902146589,1,902146589-1,Mexico,"4,500",,PASS,1300,PC,D,Asc 08-2,17C,624030608,125,MR.NHỨT,CFA,"Over Cement(3),Dirty Collar Lining(1)",,,,,
2,2/2/2026,VL COURT 3.0 K,902059528,1,902059528-1,Utd.Arab Emir.,552,,PASS,,,D,Asc 04-2,12C,624080082,80,MR.THÁI,CFA,"Off Center(2),Over Cement(2)",,,,,
2,2/2/2026,VS PACE 2.0,902069925,1,902069925-1,Netherlands,596,,PASS,,,D,Asc 11-1,38C,625090293,80,MR.THÁI,CFA,Dirty Upper(2),,,,,
2,2/2/2026,VS PACE 2.0,902163484,1,902163484-1,Netherlands,470,,PASS,,,D,Asc 07-1,41C,625100189,50,MR.THÁI,CFA,Over Cement(2),,,,,
2,2/2/2026,VS PACE 2.0,902167267,1,902167267-1,Netherlands,590,,PASS,,,D,Asc 11-1,38C,625090293,80,MR.THÁI,CFA,Wrinkle(3),,,,,
2,2/2/2026,VS PACE 2.0,902168844,1,902168844-1,United Kingdom,"5,580",,PASS,2380,PC,D,Asc 10-2,28C,624100065,125,MR.THÁI,CFA,"Dirty O'S(3),Wrinkle(3)",,,,,
2,2/2/2026,VS PACE 2.0,902181488,1,902181488-1,Netherlands,610,,PASS,,,D,Asc 07-1,41C,625100189,80,MS.HUỲNH,CFA,Dirty O'S(2),,,,,
2,2/2/2026,VS PACE 2.0,902183048,1,902183048-1,Netherlands,320,,PASS,,,D,Asc 10-2,28C,624100065,50,MS.HUỲNH,CFA,Fraying(1),,,,,
2,2/2/2026,VS PACE 2.0,902228342,1,902228342-1,Spain,330,,PASS,,,D,Asc 11-1,38C,625090293,50,MS.HUỲNH,CFA,Dirty Upper(2),,,,,
2,2/2/2026,VL COURT 3.0 K,901585855,1,901585855-1,China,"2,956",11A,PASS,,ALL,B3,7,11A,622021048,30,MR.MOON,MANAGER,No issue,OFFICIAL,,,,
2,2/2/2026,VL COURT 3.0 K,901585720,1,901585720-1,China,500,R4A,PASS,,ALL,B3,7,R4A,620080362,30,MR.MOON,MANAGER,No issue,OFFICIAL,,,,
2,2/2/2026,TENSAUR SPORT 3.0 K,902078209,1,902078209-1,Netherlands,401,,FAIL,,,C,Asc 06-2,17D,624060040,50,MRS.VY,CFA,"Off Center(5),Poor Shape(3),Dirty Upper(3),Dirty Collar Lining(1),Left/Right Component Mismatch(3)",OFFICIAL,,,,
2,2/3/2026,ASPYRE,902062425,1,902062425-1,Netherlands,356,,PASS,,,A,Asc 11-2,22A,624060318,50,MS.HUỲNH,CFA,Material Damaged(1),,,,,
2,2/3/2026,ASPYRE 3 STRIPES,902054364,1,902054364-1,Peru,100,,PASS,,,A,Asc 11-2,22A,624060318,20,MR.THÁI,CFA,Over Cement(1),,,,,
2,2/3/2026,RUNFALCON 6 EL I,902053146,1,902053146-1,Saudi Arabia,237,14A,PASS,,,B3,0,14A,622030023,32,MR.THÁI,CFA,Bonding Gap(1),,,,,
2,2/3/2026,RUNFALCON 6 EL I,902053406,1,902053406-1,Utd.Arab Emir.,727,14A,PASS,,,B3,0,14A,622030023,80,MS.HUỲNH,CFA,Bonding Gap(2),,,,,
2,2/3/2026,TENSAUR SPORT 3.0 CF I,901777300,1,901777300-1,Brazil,800,,PASS,,,A,Asc 05-1,23A,624110228,80,MS.HUỲNH,CFA,"Dirty Upper(2),Dirty O'S(2)",,,,,
2,2/3/2026,TENSAUR SPORT 3.0 CF I,902041034,1,902041034-1,Utd.Arab Emir.,139,,PASS,,,A,Asc 10-1,16A,624100316,20,MS.HUỲNH,CFA,Dirty O'S(1),,,,,
2,2/3/2026,TENSAUR SPORT 3.0 CF I,902135033,1,902135033-1,Brazil,"1,139",,PASS,,,A,Asc 04-1,18A,623100210,80,MS.NGÂN,CFA,"Wobbling(2),Thread Ends(2)",,,,,
2,2/3/2026,TENSAUR SPORT 3.0 CF I,902159657,1,902159657-1,Brazil,"1,158",,PASS,,,A,Asc 10-1,16A,624100316,80,MS.HUỲNH,CFA,"Poor Shape(2),Wobbling(2),Off Center(2)",,,,,
2,2/3/2026,TENSAUR SPORT 3.0 CF I,902160123,1,902160123-1,Netherlands,"1,092",,PASS,,,A,Asc 04-1,18A,623100210,80,MS.NGÂN,CFA,"Bonding Gap(1),Wobbling(2),Dirty Upper(2)",,,,,
2,2/3/2026,TENSAUR SPORT 3.0 CF I,902165631,1,902165631-1,Mexico,688,,PASS,,,A,Asc 10-1,16A,624100316,80,MS.HUỲNH,CFA,"Bonding Gap(1),Off Center(1),Dirty Upper(2)",,,,,
2,2/3/2026,TENSAUR SPORT 3.0 CF I,902173640,1,902173640-1,Utd.Arab Emir.,208,,PASS,,,A,Asc 02-2,7A,625020551,32,MS.NGÂN,CFA,Dirty Collar Lining(1),,,,,
2,2/3/2026,TENSAUR SPORT 3.0 CF I,902201505,1,902201505-1,Italy,755,,PASS,,,A,Asc 06-2,17A,624030271,80,MS.NGÂN,CFA,"Dirty Collar Lining(2),Dirty Upper(2)",,,,,
2,2/3/2026,TENSAUR SPORT 3.0 CF I,902228669,1,902228669-1,Netherlands,326,,PASS,,,A,Asc 11-1,9A,622080458,50,MRS.LY,MANAGER,No issue,,CFA(NGÂN)AQL->TOP MANAGER(MRS.LY),,,
2,2/3/2026,TENSAUR SPORT 3.0 CF I,902231277,1,902231277-1,Netherlands,"1,202",,PASS,,,A,Asc 04-1,18A,623100210,125,MS.NGÂN,CFA,"Poor Shape(2),Wobbling(2),Dirty Upper(2)",,,,,
2,2/3/2026,TENSAUR SPORT 3.0 CF K,902158961,1,902158961-1,Italy,"3,030",,PASS,,,A,Asc 03-1,29A,624030533,125,MS.HUỲNH,CFA,"Dirty O'S(2),Dirty Collar Lining(2),Poor Attaching(2)",,,,,
2,2/3/2026,TENSAUR SPORT 3.0 CF K,902231279,1,902231279-1,Netherlands,"1,456",15A,PASS,,,B3,4,15A,624050151,125,MS.NGÂN,CFA,"Dirty Collar Lining(2),Bonding Gap(2)",,,,,
2,2/3/2026,TENSAUR SPORT 3.0 CF K,902155542,1,902155542-1,Argentina,404,,PASS,,,A,Asc 07-2,12A,622021407,50,MS.NGÂN,CFA,"Dirty Upper(2),Poor Attaching(1)",,,,,
2,2/3/2026,LIGHTSHIFT 2.0,902161447,1,902161447-1,Utd.Arab Emir.,186,28A,PASS,,,B3,7,28A,619060201,32,MRS.VY,CFA,"Over Cement(1),Off Center(1)",,,,,
2,2/3/2026,TENSAUR SPORT 3.0 CF K,902131766,1,902131766-1,Colombia,"1,021",,PASS,,,B,Asc 05-2,40B,625010030,80,MS.HUỲNH,CFA,"Thread Ends(2),Over Primer O'S(2)",,,,,
2,2/3/2026,TENSAUR SPORT 3.0 CF K,902131767,1,902131767-1,Netherlands,390,,PASS,,,B,Asc 04-2,43B,625030363,50,MS.HUỲNH,CFA,Wobbling(2),,,,,
2,2/3/2026,TENSAUR SPORT 3.0 CF K,902131773,1,902131773-1,United Kingdom,320,,PASS,,,B,Asc 06-2,26B,623090198,50,MS.HUỲNH,CFA,"Thread Ends(1),Dirty Collar Lining(2)",,,,,
2,2/3/2026,TENSAUR SPORT 3.0 CF K,901908121,1,901908121-1,Netherlands,300,,PASS,,,B,Asc 01-2,42B,625030063,50,MRS.LY,MANAGER,No issue,,CFA(NGÂN)AQL->TOP MANAGER(MRS.LY),,,
2,2/3/2026,TENSAUR SPORT 3.0 CF K,902066588,1,902066588-1,Spain,340,,PASS,,,B,Asc 06-2,26B,623090198,50,MS.NGÂN,CFA,"Over Cement(2),Dirty Collar Lining(2)",,,,,
2,2/3/2026,TENSAUR SPORT 3.0 CF K,902151242,1,902151242-1,Netherlands,720,,PASS,,,B,Asc 03-2,84L,622030320,80,MS.NGÂN,CFA,"Dirty O'S(2),Bonding Gap(1)",,,,,
2,2/3/2026,TENSAUR SPORT 3.0 CF K,902153661,1,902153661-1,Peru,344,,PASS,,,B,Asc 06-2,26B,623090198,50,MS.NGÂN,CFA,Dirty Collar Lining(2),,,,,
2,2/3/2026,GALAXY 7 W,902053827,1,902053827-1,Italy,"3,767",,PASS,567,PC,C,Asc 09-1,22D,623090063,80,MR.NHỨT,CFA,"Collar Lining Wrinkle(1),Dirty O'S(1)",,,,,
2,2/3/2026,GALAXY 7 W,902053888,1,902053888-1,Italy,"3,907",,PASS,707,PC,C,Asc 07-2,29D,624040410,80,MS.NGÂN,CFA,"Over Primer O'S(2),Thread Ends(2)",,,,,
2,2/3/2026,RUNFALCON 6 EL C,901958642,1,901958642-1,Italy,315,,PASS,,,C,Asc 04-1,33D,624070020,50,MR.THÁI,CFA,"Collar Lining Wrinkle(1),Dirty Upper(1),Bonding Gap(1)",,,,,
2,2/3/2026,RUNFALCON 6 J,901957526,1,901957526-1,USA,"4,620",3D,PASS,3200,P1,B3,0,3D,622080106,125,MR.THÁI,CFA,"Poor Attaching(2),Over Cement(2),Dirty Collar Lining(2)",,,,,
2,2/3/2026,TENSAUR SPORT 3.0 K,901775340,1,901775340-1,Japan,"2,000",15D,PASS,,,B3,3,15D,622020913,125,MS.NGÂN,CFA,"Wobbling(2),Dirty O'S(2),Thread Ends(2)",,,,,
2,2/3/2026,TENSAUR SPORT 3.0 K,901846458,1,901846458-1,Brazil,"1,121",,PASS,,,C,Asc 06-1,16,621070084,80,MRS.VY,CFA,"Broken Stitching(1),Collar Lining Wrinkle(1),Bonding Gap(1)",,,,,
2,2/3/2026,TENSAUR SPORT 3.0 K,901909878,1,901909878-1,Netherlands,307,,PASS,,,C,Asc 04-2,27D,623090194,50,MRS.VY,CFA,Dirty Upper(1),,,,,
2,2/3/2026,TENSAUR SPORT 3.0 K,901973658,1,901973658-1,Chile,150,,PASS,,,C,Asc 05-1,6D,625120024,20,MRS.VY,CFA,No issue,,,,,
2,2/3/2026,TENSAUR SPORT 3.0 K,901986017,1,901986017-1,USA,"6,000",,PASS,3200,P1,C,Asc 06-2,17D,624060040,125,MS.HUỲNH,CFA,"Thread Ends(2),Dirty O'S(2),Collar Lining Wrinkle(2)",,,,,
2,2/3/2026,TENSAUR SPORT 3.0 K,902073127,1,902073127-1,Netherlands,693,12,PASS,,,B3,2,12,625030164,80,MS.HUỲNH,CFA,"Collar Lining Wrinkle(2),Poor Shape(2)",,,,,
2,2/3/2026,TENSAUR SPORT 3.0 K,902078427,1,902078427-1,Netherlands,662,,PASS,,,C,Asc 07-1,25D,622070156,80,MRS.VY,CFA,"Off Center(1),Dirty Collar Lining(1)",,,,,
2,2/3/2026,TENSAUR SPORT 3.0 K,902153762,1,902153762-1,Chile,308,,PASS,,,C,Asc 07-1,25D,622070156,50,MR.THÁI,CFA,Poor Attaching(2),,,,,
2,2/3/2026,TENSAUR SPORT 3.0 K,902158009,1,902158009-1,Mexico,442,,PASS,,,C,Asc 07-1,25D,622070156,50,MR.NHỨT,CFA,Dirty Upper(1),,,,,
2,2/3/2026,TENSAUR SPORT 3.0 K,902167545,1,902167545-1,Mexico,"1,269",12,PASS,,,B3,2,12,625030164,125,MR.NHỨT,CFA,"Poor Shape(1),Dirty Upper(1)",,,,,
2,2/3/2026,TENSAUR SPORT 3.0 K,902177553,1,902177553-1,Netherlands,"2,157",,PASS,,,C,Asc 02-1,2D,625080009,125,MR.NHỨT,CFA,"Wobbling(2),Wrinkle(1)",,,,,
2,2/3/2026,TENSAUR SPORT 3.0 K,902181233,1,902181233-1,United Kingdom,"1,000",,PASS,,,C,Asc 05-1,6D,625120024,80,MRS.VY,CFA,"Poor Attaching(1),Dirty O'S(2),Bonding Gap(1)",,,,,
2,2/3/2026,TENSAUR SPORT 3.0 K,902201361,1,902201361-1,Italy,365,,PASS,,,C,Asc 01-2,31D,624040282,50,MR.NHỨT,CFA,"Wobbling(1),Dirty Collar Lining(1)",,,,,
2,2/3/2026,TENSAUR SPORT 3.0 K,4501437733,3,4501437733-3,South Africa,37,,PASS,,,C,Asc 05-1,6D,625120024,8,MR.THÁI,CFA,No issue,,,,,
2,2/3/2026,TENSAUR SPORT 3.0 K,4501439930,2,4501439930-2,South Africa,131,,PASS,,,C,Asc 07-1,25D,622070156,20,MR.NHỨT,CFA,Dirty Collar Lining(1),,,,,
2,2/3/2026,ADVANTAGE,902052711,1,902052711-1,Turkey,"1,200",,PASS,,,D,Asc 07-2,42C,625110069,80,MR.NHỨT,CFA,"Dirty Upper(1),Wrinkle(2)",,,,,
2,2/3/2026,URBAN COURT,902163219,1,902163219-1,Mexico,"1,377",,PASS,,,D,Asc 03-2,R6D,619080327,125,MR.NHỨT,CFA,"Bonding Gap(2),Over Primer Upper(2),Dirty Collar Lining(1)",,,,,
2,2/3/2026,VL COURT 3.0 K,902009507,1,902009507-1,USA,900,,PASS,,,D,Asc 04-2,R5C,620120148,80,MR.NHỨT,CFA,"Over Cement(1),Collar Lining Wrinkle(1)",,,,,
2,2/3/2026,VL COURT 3.0 K,902010700,1,902010700-1,USA,"2,400",,PASS,,,D,Asc 04-2,12C,624080082,125,MR.THÁI,CFA,"Wobbling(2),Dirty O'S(2),Over Primer O'S(1),Bonding Gap(1)",,,,,
2,2/3/2026,VL COURT 3.0 K,902062498,1,902062498-1,USA,674,,PASS,,,D,Asc 04-2,12C,624080082,80,MR.NHỨT,CFA,Dirty Upper(1),,,,,
2,2/3/2026,VL COURT 3.0 K,902063096,1,902063096-1,USA,"2,471",,PASS,,,D,Asc 05-2,40C,625100153,125,MR.THÁI,CFA,"Over Cement(2),Wobbling(2)",,,,,
2,2/3/2026,GRAND COURT 3.0,902048957,1,902048957-1,Netherlands,309,,PASS,,,D,Asc 03-1,5C,621120400,50,MRS.VY,CFA,Collar Lining Wrinkle(1),,,,,
2,2/3/2026,GRAND COURT 3.0,902127766,1,902127766-1,Italy,385,,PASS,,,D,Asc 03-1,12C,624080082,50,MRS.VY,CFA,"Off Center(1),Dirty Collar Lining(1),Crooked Logo Tongue(1)",,,,,
2,2/3/2026,GRAND COURT 3.0,902228382,1,902228382-1,Spain,365,,PASS,,,D,Asc 03-1,12C,624080082,50,MR.THÁI,CFA,"Dirty Upper(2),Bonding Gap(2),Crooked Logo(1)",,,,,
2,2/3/2026,VS PACE 2.0,902169101,1,902169101-1,Netherlands,340,,PASS,,,D,Asc 11-1,38C,625090293,50,MR.THÁI,CFA,Dirty O'S(2),,,,,
2,2/3/2026,VS PACE 2.0,902219986,1,902219986-1,Netherlands,392,,PASS,,,D,Asc 09-2,14C,624020152,50,MR.THÁI,CFA,Dirty Upper(2),,,,,
2,2/3/2026,VS PACE 2.0,902250490,1,902250490-1,United Kingdom,695,,PASS,,,D,Asc 03-2,R6D,619080327,80,MS.NGÂN,CFA,"Over Cement(2),Dirty Upper(2)",,,,,
2,2/4/2026,ASPYRE,902058092,1,902058092-1,Netherlands,500,,PASS,,,A,Asc 11-2,22A,624060318,50,MS.HUỲNH,CFA,"Wobbling(1),Bonding Gap(2)",,,,,
2,2/4/2026,ASPYRE,902061839,1,902061839-1,Italy,330,,PASS,,,A,Asc 11-2,22A,624060318,50,MR.NHỨT,CFA,Dirty Upper(1),,,,,
2,2/4/2026,RUNFALCON 6 EL I,902058939,1,902058939-1,Netherlands,575,,PASS,,,A,Asc 07-1,20A,623110220,80,MS.NGÂN,CFA,Dirty Upper(3),,,,,
2,2/4/2026,TENSAUR SPORT 3.0 CF I,901971456,1,901971456-1,Colombia,168,,PASS,,,A,Asc 10-2,2A,621110407,32,MS.NGÂN,CFA,"Wobbling(1),Dirty Upper(1)",,,,,
2,2/4/2026,TENSAUR SPORT 3.0 CF I,902173562,1,902173562-1,Utd.Arab Emir.,453,,PASS,,,A,Asc 11-1,9A,622080458,50,MR.THÁI,CFA,"Poor Shape(2),Collar Lining Wrinkle(2)",,,,,
2,2/4/2026,TENSAUR SPORT 3.0 CF K,902516640,1,902516640-1,Malaysia,270,,PASS,,,A,Asc 11-2,22A,624060318,32,MR.THÁI,CFA,Dirty O'S(2),,,,,
2,2/4/2026,FortaRun 3.0 EL C,902053267,1,902053267-1,Utd.Arab Emir.,1,,PASS,,,A,Asc 07-1,20A,623110220,1,MR.THÁI,CFA,No issue,,,,,
2,2/4/2026,TENSAUR SPORT 3.0 CF K,902067790,1,902067790-1,Spain,613,,PASS,,,A,Asc 03-2,13A,625120045,80,MS.NGÂN,CFA,"Off Center(2),Dirty Upper(2)",,,,,
2,2/4/2026,TENSAUR SPORT 3.0 CF K,902156739,1,902156739-1,Netherlands,316,,PASS,,,A,Asc 05-2,44A,625110020,50,MRS.VY,CFA,"Dirty Upper(1),Broken Stitching(1),Wobbling(1)",,,,,
2,2/4/2026,TENSAUR SPORT 3.0 CF K,902159021,1,902159021-1,Italy,"6,060",,PASS,3200,P1,A,Asc 07-2,12A,622021407,125,MR.THÁI,CFA,"Poor Attaching(2),Bonding Gap(2),Dirty O'S(2)",,,,,
2,2/4/2026,TENSAUR SPORT 3.0 CF K,901968803,1,901968803-1,Utd.Arab Emir.,"4,166",,PASS,966,PC,A,Asc 07-2,12A,622021407,80,MS.NGÂN,CFA,"Dirty Upeer(2),Dirty O'S(2)",,,,,
2,2/4/2026,LIGHTSHIFT 2.0,901963640,1,901963640-1,Peru,658,,PASS,,,A,Asc 01-1,31A,624060331,80,MR.NHỨT,CFA,Dirty M'S(2),,,,,
2,2/4/2026,LIGHTSHIFT 2.0,901972865,1,901972865-1,Colombia,406,,PASS,,,A,Asc 01-1,31A,624060331,50,MS.NGÂN,CFA,"Over Cement(2),Poor Attaching(1)",,,,,
2,2/4/2026,LIGHTSHIFT 2.0,901974709,1,901974709-1,Chile,140,,PASS,,,A,Asc 01-1,31A,624060331,20,MS.NGÂN,CFA,Over Primer O'S(1),,,,,
2,2/4/2026,LIGHTSHIFT 2.0,902154041,1,902154041-1,Peru,874,15D,PASS,,,B3,3,15D,622020913,80,MRS.VY,CFA,Dirty M'S(2),,,,,
2,2/4/2026,Tensaur Sport 2.0 K,902058144,1,902058144-1,Utd.Arab Emir.,"2,130",,PASS,,,B,Asc 03-1,46B,625100092,125,MS.NGÂN,CFA,"Wobbling(2),Over Primer O'S(2),Dirty Shoelace(2)",,,,,
2,2/4/2026,TENSAUR SPORT 3.0 CF K,902131768,1,902131768-1,United Kingdom,330,,PASS,,,B,Asc 04-2,43B,625030363,50,MR.MOON,MANAGER,No issue,,CFA(HUỲNH)AQL->TOP MANAGER(MR.MOON),,,
2,2/4/2026,TENSAUR SPORT 3.0 CF K,902131770,1,902131770-1,United Kingdom,460,,PASS,,,B,Asc 03-2,46B,625100092,50,MR.MOON,MANAGER,No issue,,CFA(HUỲNH)AQL->TOP MANAGER(MR.MOON),,,
2,2/4/2026,TENSAUR SPORT 3.0 CF K,902148614,1,902148614-1,United Kingdom,"6,110",,PASS,3200,P1,B,Asc 05-2,40B,625010030,125,MR.NHỨT,CFA,"Thread Ends(2),Dirty O'S(2),Over Cement(1)",,,,,
2,2/4/2026,TENSAUR SPORT 3.0 CF K,902003204,1,902003204-1,Netherlands,"8,000",,PASS,1660,PC,B,Asc 03-2,84L,622030320,125,MR.THÁI,CFA,"Wobbling(2),Bonding Gap(2),Collar Lining Wrinkle(2)",,,,,
2,2/4/2026,TENSAUR SPORT 3.0 CF K,902154335,1,902154335-1,Netherlands,"1,026",,PASS,,,B,Asc 04-1,9B,621030996,80,MR.NHỨT,CFA,"Dirty Collar Lining(2),Dirty Upper(1),Crooked Heel Cap(1)",,,,,
2,2/4/2026,TENSAUR SPORT 3.0 CF K,902151628,1,902151628-1,Panama,901,,PASS,,,B,Asc 06-2,26B,623090198,80,MS.NGÂN,CFA,"Dirty Upper(2),Bonding Gap(2)",,,,,
2,2/4/2026,TENSAUR SPORT 3.0 CF K,902167329,1,902167329-1,Mexico,"3,562",,PASS,3200,P1,B,Asc 06-1,18B,620030032,125,MS.NGÂN,CFA,"Over Primer O'S(2),Bonding Gap(2),Poor Attaching(2)",,,,,
2,2/4/2026,TENSAUR SPORT 3.0 CF K,902180316,1,902180316-1,Turkey,"1,599",,PASS,,,B,Asc 01-1,27A,621030280,125,MR.THÁI,CFA,"Wobbling(2),Collar Lining Wrinkle(2),Dirty O'S(2)",,,,,
2,2/4/2026,Tensaur Sport 2.0 CF K,902063605,1,902063605-1,Kazakhstan,944,,PASS,,,B,Asc 02-1,33B,624050450,80,MS.HUỲNH,CFA,"Thread Ends(2),Off Center(2)",,,,,
2,2/4/2026,GALAXY 7 M,901841750,1,901841750-1,Japan,"1,952",12,PASS,,,B3,2,12,625030164,125,MS.NGÂN,CFA,"Dirty O'S(2),Wrinkle(2),Over Cement(2)",,,,,
2,2/4/2026,GALAXY 7 M,902225067,1,902225067-1,Thailand,100,,PASS,,,C,Asc 08-1,21D,623030007,20,MS.NGÂN,CFA,Over Primer O'S(1),,,,,
2,2/4/2026,GALAXY 7 M,902225063,1,902225063-1,Philippines,100,,PASS,,,C,Asc 08-1,21D,623030007,20,MR.THÁI,CFA,Wrinkle(1),,,,,
2,2/4/2026,GALAXY 7 W,901779407,1,901779407-1,Spain,"1,000",,PASS,,,C,Asc 08-2,8D,624080430,80,MRS.VY,CFA,"Wobbling(1),Dirty Collar Lining(1),Toe Spring(1)",,,,,
2,2/4/2026,GALAXY 7 W,902053949,1,902053949-1,Italy,"4,000",,PASS,3200,P1,C,Asc 09-1,22D,623090063,125,MR.NHỨT,CFA,"Dirty M'S(1),Collar Lining Wrinkle(1),Over Primer O'S(3)",,,,,
2,2/4/2026,GALAXY 7 W,902076470,1,902076470-1,Italy,970,,PASS,,,C,Asc 08-2,8D,624080430,80,MS.HUỲNH,CFA,"Over Primer O'S(1),Dirty Collar Lining(2),Over Cement(1)",,,,,
2,2/4/2026,RUNFALCON 6 EL C,901959727,1,901959727-1,Italy,430,,PASS,,,C,Asc 03-1,8C,624070252,50,MR.NHỨT,CFA,"Wobbling(1),Dirty Collar Lining(1)",,,,,
2,2/4/2026,RUNFALCON 6 EL C,902053228,1,902053228-1,Saudi Arabia,"1,934",,PASS,,,C,Asc 03-1,8C,624070252,125,MR.NHỨT,CFA,"Dirty Collar Lining(2),Dirty O'S(2)",,,,,
2,2/4/2026,RUNFALCON 6 EL C,902053486,1,902053486-1,Utd.Arab Emir.,"1,132",,PASS,,,C,Asc 05-2,10D,624040283,80,MR.THÁI,CFA,"Off Center Toe Cap(1),Over Primer O'S(2),Wrinkle(1),Dirty Collar Lining(2)",,,,,
2,2/4/2026,RUNFALCON 6 EL C,902054447,1,902054447-1,Utd.Arab Emir.,520,,PASS,,,C,Asc 03-2,20D,624080083,80,MS.NGÂN,CFA,"Dirty Upper(2),Dirty Collar Lining(2)",,,,,
2,2/4/2026,RUNFALCON 6 EL C,902057654,1,902057654-1,Utd.Arab Emir.,"1,118",,PASS,,,C,Asc 05-2,10D,624040283,80,MRS.VY,CFA,"Dirty Collar Lining(2),Dirty M'S(1)",,,,,
2,2/4/2026,RUNFALCON 6 J,901957526,1,901957526-1,USA,"4,620",,PASS,1420,PC,C,Asc 10-2,13D,624100308,125,MS.HUỲNH,CFA,"Over Cement(2),Wrinkle(2),Bonding Gap(2)",,,,,
2,2/4/2026,TENSAUR SPORT 3.0 K,901909075,1,901909075-1,Netherlands,300,,PASS,,,C,Asc 04-2,27D,623090194,50,MRS.VY,CFA,Off Center(2),,,,,
2,2/4/2026,TENSAUR SPORT 3.0 K,902053126,1,902053126-1,United Kingdom,400,,PASS,,,C,Asc 02-1,2D,625080009,50,MR.NHỨT,CFA,Dirty Upper(1),,,,,
2,2/4/2026,TENSAUR SPORT 3.0 K,902056968,1,902056968-1,United Kingdom,500,,PASS,,,C,Asc 02-1,2D,625080009,50,MR.NHỨT,CFA,Bonding Gap(1),,,,,
2,2/4/2026,TENSAUR SPORT 3.0 K,902159611,1,902159611-1,Mexico,338,,PASS,,,C,Asc 05-1,6D,625120024,50,MS.HUỲNH,CFA,"Dirty Collar Lining(1),Dirty O'S(1),Over Primer O'S(1)",,,,,
2,2/4/2026,TENSAUR SPORT 3.0 K,902161810,1,902161810-1,Chile,"2,004",,PASS,,,C,Asc 02-2,4D,625100152,125,MR.NHỨT,CFA,"Dirty Collar Lining(2),Dirty O'S(1)",,,,,
2,2/4/2026,TENSAUR SPORT 3.0 K,902170611,1,902170611-1,Mexico,"3,901",,PASS,701,PC,C,Asc 02-2,4D,625100152,80,MRS.VY,CFA,"Poor Attaching(1),Dirty Collar Lining(1)",,,,,
2,2/4/2026,TENSAUR SPORT 3.0 K,902174695,1,902174695-1,Turkey,"5,086",,PASS,1886,PC,C,Asc 02-2,4D,625100152,125,MR.NHỨT,CFA,"Dirty Collar Lining(2),Dirty O'S(2)",,,,,
2,2/4/2026,TENSAUR SPORT 3.0 K,902202863,1,902202863-1,United Kingdom,660,,PASS,,,C,Asc 01-2,31D,624040282,80,MRS.VY,CFA,Over Cement(1),,,,,
2,2/4/2026,VS PACE 2.0,4501436224,3,4501436224-3,South Africa,1,,PASS,,,D,Asc 08-1,1C,623090139,1,MS.HUỲNH,CFA,No issue,,,,,
2,2/4/2026,GRAND COURT 3.0,902235026,1,902235026-1,Netherlands,310,,PASS,,,D,Asc 03-1,6C,622070194,50,MR.THÁI,CFA,"Bonding Gap(2),Dirty Collar Lining(2)",,,,,
2,2/4/2026,VS PACE 2.0,902250156,1,902250156-1,Netherlands,925,,PASS,,,D,Asc 09-2,14C,624020152,80,MS.HUỲNH,CFA,Over Cement(2),,,,,
2,2/4/2026,VS PACE 2.0,902251792,1,902251792-1,Spain,356,,PASS,,,D,Asc 10-1,2C,623080380,50,MR.NHỨT,CFA,"Over Cement(1),Dirty Collar Lining(1)",,,,,
2,2/4/2026,VS PACE 2.0,902255231,1,902255231-1,Italy,560,,PASS,,,D,Asc 03-2,34C,625020591,80,MR.NHỨT,CFA,Over Cement(1),,,,,
2,2/4/2026,VS PACE 2.0,902255565,1,902255565-1,Italy,835,,PASS,,,D,Asc 11-1,16C,624030295,80,MS.NGÂN,CFA,"Thread Ends(2),Over Primer O'S(1),Poor Attaching(1)",,,,,
2,2/4/2026,VS PACE 2.0,4501436148,2,4501436148-2,South Africa,1,,PASS,,,D,Asc 11-1,38C,625090293,1,MR.NHỨT,CFA,No issue,,,,,
2,2/5/2026,ASPYRE 3 STRIPES,902056350,1,902056350-1,Peru,975,,PASS,,,A,Asc 11-2,22A,624060318,80,MRS.VY,CFA,Over Cement(2),,,,,
2,2/5/2026,TENSAUR SPORT 3.0 CF I,901846626,1,901846626-1,Brazil,"1,000",,PASS,,,A,Asc 06-1,25A,624030105,80,MRS.VY,CFA,"Bonding Gap(1),Dirty O'S(2)",,,,,
2,2/5/2026,TENSAUR SPORT 3.0 CF I,902167644,1,902167644-1,Argentina,612,,PASS,,,A,Asc 10-1,16A,624100316,80,MS.HUỲNH,CFA,Dirty Collar Lining(2),,,,,
2,2/5/2026,TENSAUR SPORT 3.0 CF I,902175010,1,902175010-1,Mexico,349,,PASS,,,A,Asc 08-1,41A,625080141,50,MS.HUỲNH,CFA,"Collar Lining Wrinkle(1),Wrinkle(2),Thread Ends(2)",,,,,
2,2/5/2026,TENSAUR SPORT 3.0 CF I,4501438376,5,4501438376-5,South Africa,43,,PASS,,,A,Asc 06-2,17A,624030271,8,MRS.VY,CFA,No issue,,,,,
2,2/5/2026,TENSAUR SPORT 3.0 CF I,902060277,1,902060277-1,Netherlands,480,,PASS,,,A,Asc 04-1,18A,623100210,50,MS.NGÂN,CFA,"Dirty Upper(1),Off Center(1),Dirty O'S(1)",,,,,
2,2/5/2026,TENSAUR SPORT 3.0 CF K,902165650,1,902165650-1,Turkey,"3,709",,PASS,3200,P1,A,Asc 05-2,44A,625110020,125,MR.NHỨT,CFA,"Off Center(2),Dirty O'S(1),Collar Lining Wrinkle(2)",,,,,
2,2/5/2026,LIGHTSHIFT 2.0,902156170,1,902156170-1,Argentina,"1,776",15D,PASS,,,B3,3,15D,622020913,125,MS.NGÂN,CFA,"Over Cement(2),Dirty M'S(3)",,,,,
2,2/5/2026,LIGHTSHIFT 2.0,902164557,1,902164557-1,Mexico,"1,032",14A,PASS,,,B3,7,14A,622030023,80,MS.NGÂN,CFA,"Left/Right Quarter Mismatch(2),Over Primer O'S(2),Dirty M'S(1)",,,,,
2,2/5/2026,LIGHTSHIFT 2.0,902518778,1,902518778-1,Malaysia,"1,010",,PASS,,,A,Asc 01-1,31A,624060331,80,MR.NHỨT,CFA,Dirty O'S(2),,,,,
2,2/5/2026,Tensaur Sport 2.0 K,902054937,1,902054937-1,Saudi Arabia,"2,000",,PASS,,,B,Asc 02-2,38A,622020703,125,MR.NHỨT,CFA,"Dirty O'S(2),Poor Shape(3)",,,,,
2,2/5/2026,TENSAUR SPORT 3.0 CF K,902147178,1,902147178-1,United Kingdom,"1,700",,PASS,,,B,Asc 04-2,43B,625030363,125,MR.NHỨT,CFA,"Over Primer O'S(2),Dirty Collar Lining(1),Wobbling(2)",,,,,
2,2/5/2026,TENSAUR SPORT 3.0 CF K,902148366,1,902148366-1,United Kingdom,"1,875",,PASS,,,B,Asc 05-2,40B,625010030,125,MRS.VY,CFA,"Wobbling(2),Over Cement(2)",,,,,
2,2/5/2026,TENSAUR SPORT 3.0 CF K,902219944,1,902219944-1,Netherlands,"6,489",,PASS,3200,P2,B,Asc 03-1,46B,625100092,125,MS.HUỲNH,CFA,"Collar Lining Wrinkle(2),Thread Ends(2),Poor Shape(2)",,,,,
2,2/5/2026,TENSAUR SPORT 3.0 CF K,902219944,1,902219944-1,Netherlands,"6,489",,PASS,89,PC,B,Asc 05-2,40B,625010030,13,MS.HUỲNH,CFA,No issue,,,,,
2,2/5/2026,TENSAUR SPORT 3.0 CF K,901987238,1,901987238-1,Netherlands,"8,160",,PASS,3200,P1,B,Asc 06-2,21B,622020056,125,MR.NHỨT,CFA,"Dirty O'S(1),Collar Lining Wrinkle(3)",,,,,
2,2/5/2026,TENSAUR SPORT 3.0 CF K,901987238,1,901987238-1,Netherlands,"8,160",,PASS,3200,P2,B,Asc 02-1,33B,624050450,125,MS.NGÂN,CFA,"Dirty Upper(2),Dirty O'S(2),Collar Lining Wrinkle(2)",,,,,
2,2/5/2026,TENSAUR SPORT 3.0 CF K,902154225,1,902154225-1,Netherlands,300,,PASS,,,B,Asc 01-2,42B,625030063,50,MR.THÁI,CFA,"Poor Attaching(2),Dirty O'S(1)",,,,,
2,2/5/2026,TENSAUR SPORT 3.0 CF K,902003213,1,902003213-1,Netherlands,400,,PASS,,,B,Asc 04-2,43B,625030363,50,MS.HUỲNH,CFA,"Collar Lining Wrinkle(2),Wrinkle(2)",,,,,
2,2/5/2026,TENSAUR SPORT 3.0 CF K,902003417,1,902003417-1,Netherlands,530,,PASS,,,B,Asc 04-2,43B,625030363,80,MS.NGÂN,CFA,"Poor Attaching(1),Bonding Gap(1),Dirty O'S(2)",,,,,
2,2/5/2026,TENSAUR SPORT 3.0 CF K,902168724,1,902168724-1,Mexico,"4,479",,PASS,1279,PC,B,Asc 04-1,9B,621030996,125,MR.NHỨT,CFA,"Crooked Heel Cap(1),Wobbling(2)",,,,,
2,2/5/2026,TENSAUR SPORT 3.0 CF K,902172088,1,902172088-1,Turkey,"3,671",,PASS,3200,P1,B,Asc 01-2,25B,621100361,125,MS.NGÂN,CFA,"Thread Ends(2),Wobbling(2),Dirty Collar Lining(2)",,,,,
2,2/5/2026,GALAXY 7 M,902225013,1,902225013-1,USA,"1,207",,PASS,,,C,Asc 10-1,9D,625120023,125,MRS.VY,CFA,"Wobbling(1),Dirty Collar Lining(1),Over Cement(2)",,,,,
2,2/5/2026,GALAXY 7 M,902225031,1,902225031-1,USA,373,,PASS,,,C,Asc 08-1,21D,623030007,50,MS.HUỲNH,CFA,"Wobbling(2),Dirty M'S(1)",,,,,
2,2/5/2026,GALAXY 7 M,901944593,1,901944593-1,Netherlands,"3,589",,PASS,3200,P1,C,Asc 11-1,11,623120136,125,MS.HUỲNH,CFA,"Collar Lining Wrinkle(2),Wrinkle(2),Wobbling(2),Dirty Collar Lining(2)",,,,,
2,2/5/2026,GRAND COURT 2.0,902127814,1,902127814-1,Italy,745,,PASS,,,C,Asc 05-2,10D,624040283,80,MS.HUỲNH,CFA,"Over Cement(2),Crooked Eyestay(2),Poor OutSole Quality(1)",,,,,
2,2/5/2026,TENSAUR SPORT 3.0 K,901728879,1,901728879-1,Netherlands,601,,PASS,,,C,Asc 05-1,6D,625120024,80,MRS.VY,CFA,"Collar Lining Wrinkle(1),Off Center(1)",,,,,
2,2/5/2026,TENSAUR SPORT 3.0 K,901771561,1,901771561-1,Brazil,"1,280",,PASS,,,C,Asc 06-2,16,621070084,125,MRS.VY,CFA,"Off Center(2),Over Cement(1)",,,,,
2,2/5/2026,TENSAUR SPORT 3.0 K,901913145,1,901913145-1,Netherlands,300,,PASS,,,C,Asc 01-2,31D,624040282,50,MS.HUỲNH,CFA,"Poor Shape(2),Collar Lining Wrinkle(2)",,,,,
2,2/5/2026,TENSAUR SPORT 3.0 K,901969954,1,901969954-1,Colombia,100,,PASS,,,C,Asc 01-1,11D,624080127,20,MRS.LY,MANAGER,No issue,,CFA(THÁI)AQL->TOP MANAGER(MRS.LY),,,
2,2/5/2026,TENSAUR SPORT 3.0 K,901973830,1,901973830-1,Chile,125,,PASS,,,C,Asc 01-1,11D,624080127,20,MR.NHỨT,CFA,No issue,,,,,
2,2/5/2026,TENSAUR SPORT 3.0 K,902026344,1,902026344-1,Colombia,100,,PASS,,,C,Asc 01-2,31D,624040282,20,MS.NGÂN,CFA,Wobbling(1),,,,,
2,2/5/2026,TENSAUR SPORT 3.0 K,902160672,1,902160672-1,Brazil,300,,PASS,,,C,Asc 06-2,17D,624060040,50,MRS.VY,CFA,Collar Lining Wrinkle(1),,,,,
2,2/5/2026,TENSAUR SPORT 3.0 K,902167551,1,902167551-1,Netherlands,300,,PASS,,,C,Asc 06-1,16,621070084,50,MRS.VY,CFA,"Collar Lining Wrinkle(1),Dirty Upper(1)",,,,,
2,2/5/2026,TENSAUR SPORT 3.0 K,902170194,1,902170194-1,Mexico,"3,716",,PASS,516,PC,C,Asc 01-1,11D,624080127,80,MS.HUỲNH,CFA,"Wobbling(2),Over Primer O'S(2)",,,,,
2,2/5/2026,TENSAUR SPORT 3.0 K,902176084,1,902176084-1,Netherlands,"8,000",,PASS,1600,PC,C,Asc 04-1,33D,624070020,125,MS.HUỲNH,CFA,"Bonding Gap(1),Over Primer O'S(2),Dirty Upper(1)",,,,,
2,2/5/2026,TENSAUR SPORT 3.0 K,902202966,1,902202966-1,United Kingdom,130,,PASS,,,C,Asc 02-1,2D,625080009,20,MS.NGÂN,CFA,Dirty Upper(1),,,,,
2,2/5/2026,GRAND COURT 3.0,901839990,1,901839990-1,Netherlands,322,,PASS,,,D,Asc 04-1,33C,625030360,50,MRS.VY,CFA,"Dirty Upper(1),Over Cement(1)",,,,,
2,2/5/2026,GRAND COURT 3.0,901961551,1,901961551-1,Italy,"1,295",,PASS,,,D,Asc 03-1,6C,622070194,125,MS.NGÂN,CFA,"Wobbling(2),Dirty O'S(2)",,,,,
2,2/5/2026,GRAND COURT 3.0,901963347,1,901963347-1,Netherlands,"3,500",,PASS,3200,P1,D,Asc 02-1,R6D,619080327,125,MRS.VY,CFA,"Over Cement(2),Dirty O'S(2),Thread Ends(2)",,,,,
2,2/5/2026,VS PACE 2.0,902179475,1,902179475-1,Netherlands,"3,500",,PASS,3200,P1,D,Asc 08-1,1C,623090139,125,MR.THÁI,CFA,"Over Cement(2),Thread Ends(2),Poor Shape(2)",,,,,
2,2/5/2026,VS PACE 2.0,902251688,1,902251688-1,United Kingdom,727,,PASS,,,D,Asc 10-1,2C,623080380,80,MS.HUỲNH,CFA,"Dirty Collar Lining(2),Bonding Gap(2),Dirty Upper(2)",,,,,
2,2/6/2026,RUNFALCON 6 EL I,902033923,1,902033923-1,Mexico,"2,150",11A,PASS,,,B3,0,11A,622021048,125,MS.HUỲNH,CFA,"Bonding Gap(2),Dirty M'S(2),Poor Attaching(2)",,,,,
2,2/6/2026,RUNFALCON 6 EL I,902033951,1,902033951-1,Italy,"1,235",,PASS,,,A,Asc 08-2,45A,625110021,125,MR.NHỨT,CFA,"Wobbling(2),Dirty Collar Lining(1)",,,,,
2,2/6/2026,RUNFALCON 6 EL I,902033953,1,902033953-1,Italy,365,,PASS,,,A,Asc 07-1,20A,623110220,50,MR.NHỨT,CFA,"Bonding Gap(1),Over Cement(1)",,,,,
2,2/6/2026,RUNFALCON 6 EL I,902057749,1,902057749-1,Italy,330,15D,PASS,,,B3,3,15D,622020913,50,MS.NGÂN,CFA,"Wrinkle(1),Dirty Upper(1)",,,,,
2,2/6/2026,TENSAUR SPORT 3.0 CF I,901841250,1,901841250-1,Brazil,200,,PASS,,,A,Asc 08-1,41A,625080141,32,MRS.VY,CFA,"Wobbling(1),Dirty Collar Lining(1)",,,,,
2,2/6/2026,TENSAUR SPORT 3.0 CF I,901847220,1,901847220-1,Brazil,800,,PASS,,,A,Asc 06-2,17A,624030271,80,MS.NGÂN,CFA,"Wobbling(2),Toe Spring(1),Dirty Collar Lining(1)",,,,,
2,2/6/2026,TENSAUR SPORT 3.0 CF I,902185981,1,902185981-1,Spain,436,,PASS,,,A,Asc 06-2,17A,624030271,50,MRS.VY,CFA,"Dirty Collar Lining(1),Dirty O'S(1),Wobbling(1)",,,,,
2,2/6/2026,TENSAUR SPORT 3.0 CF I,901910316,1,901910316-1,Netherlands,300,,PASS,,,A,Asc 10-1,16A,624100316,50,MRS.VY,CFA,"Wobbling(1),Poor Shape(1)",,,,,
2,2/6/2026,TENSAUR SPORT 3.0 CF I,902060346,1,902060346-1,Netherlands,370,,PASS,,,A,Asc 10-1,16A,624100316,50,MS.NGÂN,CFA,"Bonding Gap(1),Collar Lining Wrinkle(1),Over Cemnent(1)",,,,,
2,2/6/2026,TENSAUR SPORT 3.0 CF I,902060395,1,902060395-1,Italy,625,,PASS,,,A,Asc 10-2,42A,625100252,80,MS.HUỲNH,CFA,"Dirty O'S(2),Thread Ends(2)",,,,,
2,2/6/2026,TENSAUR SPORT 3.0 CF I,902071942,1,902071942-1,Netherlands,416,,PASS,,,A,Asc 05-1,23A,624110228,50,MS.NGÂN,CFA,"Dirty Collar Lining(2),Uneven Collar Top Line(1)",,,,,
2,2/6/2026,TENSAUR SPORT 3.0 CF I,902228659,1,902228659-1,Spain,940,,PASS,,,A,Asc 06-2,17A,624030271,80,MR.THÁI,CFA,"Poor Shape(2),Wobbling(1),Dirty O'S(1),Left/Right Component Mismatch(1)",,,,,
2,2/6/2026,TENSAUR SPORT 3.0 CF I,902229762,1,902229762-1,Spain,545,,PASS,,,A,Asc 11-1,9A,622080458,80,MRS.LY,MANAGER,No issue,,CFA(VY)AQL->TOP MANAGER(MRS.LY),,,
2,2/6/2026,TENSAUR SPORT 3.0 CF K,902159084,1,902159084-1,Italy,"3,030",,PASS,,,A,Asc 04-2,40A,625060019,125,MS.NGÂN,CFA,"Bonding Gap(2),Poor Attaching(2),Collar Lining Damaged(1)",,,,,
2,2/6/2026,TENSAUR SPORT 3.0 CF K,902148290,1,902148290-1,Netherlands,500,,PASS,,,A,Asc 03-2,13A,625120045,50,MR.NHỨT,CFA,Dirty Collar Lining(2),,,,,
2,2/6/2026,VS PACE 2.0 CF I,902059366,1,902059366-1,Netherlands,677,,PASS,,,A,Asc 08-1,41A,625080141,80,MS.NGÂN,CFA,"Dirty Collar Lining(2),Dirty O'S(1)",,,,,
2,2/6/2026,VS PACE 2.0 CF I,902059380,1,902059380-1,Mexico,"1,123",,PASS,,,A,Asc 08-1,41A,625080141,80,MRS.VY,CFA,"Bonding Gap(1),Dirty O'S(1),Wobbling(2)",,,,,
2,2/6/2026,LIGHTSHIFT 2.0,901969685,1,901969685-1,Chile,510,15D,PASS,,,B3,3,15D,622020913,80,MR.THÁI,CFA,"Wrinkle(2),Dirty M'S(2)",,,,,
2,2/6/2026,LIGHTSHIFT 2.0,902176287,1,902176287-1,Turkey,"1,022",12,PASS,,,B3,2,12,625030164,80,MS.NGÂN,CFA,"Poor Shape(2),Poor Attaching(2),Over Cement(2)",,,,,
2,2/6/2026,Tensaur Sport 2.0 K,902058786,1,902058786-1,Chile,101,,PASS,,,B,Asc 02-1,33B,624050450,20,MR.NHỨT,CFA,No issue,,,,,
2,2/6/2026,TENSAUR SPORT 3.0 CF K,902131771,1,902131771-1,United Kingdom,380,,PASS,,,B,Asc 02-2,38A,622020703,50,MS.NGÂN,CFA,"Over Cement(1),Over Primer O'S(1),Dirty O'S(1)",,,,,
2,2/6/2026,TENSAUR SPORT 3.0 CF K,902149098,1,902149098-1,United Kingdom,370,,PASS,,,B,Asc 02-2,38A,622020703,50,MS.NGÂN,CFA,"Wobbling(1),Thread Ends(1),Over Primer O'S(1)",,,,,
2,2/6/2026,TENSAUR SPORT 3.0 CF K,902150653,1,902150653-1,Colombia,"1,141",12,PASS,,,B3,5,12,625030164,80,MRS.VY,CFA,Dirty Collar Lining(2),,,,,
2,2/6/2026,TENSAUR SPORT 3.0 CF K,902150653,1,902150653-1,Colombia,"1,141",15A,PASS,,,B3,4,15A,624050151,20,MR.BÌNH,LOP,Uneven Collar Top Line(1),,,,,
2,2/6/2026,TENSAUR SPORT 3.0 CF K,902156558,1,902156558-1,Netherlands,710,,PASS,,,B,Asc 02-1,33B,624050450,80,MS.NGÂN,CFA,"Dirty Collar Lining(2),Dirty Upper(2)",,,,,
2,2/6/2026,TENSAUR SPORT 3.0 CF K,902167329,1,902167329-1,Mexico,"3,562",,PASS,362,PC,B,Asc 06-1,18B,620030032,50,MRS.VY,CFA,Dirty Collar Lining(1),,,,,
2,2/6/2026,GALAXY 7 M,902224699,1,902224699-1,Saudi Arabia,276,,PASS,,,C,Asc 08-1,21D,623030007,32,MS.NGÂN,CFA,Over Primer O'S(1),,,,,
2,2/6/2026,GALAXY 7 M,902224839,1,902224839-1,Canada,300,,PASS,,,C,Asc 11-1,11,623120136,50,MR.THÁI,CFA,"Over Cement(1),Over Primer O'S(1)",,,,,
2,2/6/2026,GALAXY 7 M,902224971,1,902224971-1,Indonesia->W9997,202,,PASS,,,C,Asc 11-1,11,623120136,32,MRS.VY,CFA,No issue,,,,,
2,2/6/2026,GALAXY 7 M,902225075,1,902225075-1,United Kingdom,310,,PASS,,,C,Asc 08-1,21D,623030007,50,MR.NHỨT,CFA,Dirty M'S(1),,,,,
2,2/6/2026,GALAXY 7 M,902225084,1,902225084-1,Netherlands,475,,PASS,,,C,Asc 08-2,8D,624080430,50,MRS.VY,CFA,"Dirty Upper(1),Over Primer O'S(1)",,,,,
2,2/6/2026,GALAXY 7 M,901944598,1,901944598-1,Netherlands,"3,588",,PASS,3200,P1,C,Asc 09-1,22D,623090063,125,MR.THÁI,CFA,"Dirty M'S(2),Over Primer O'S(2),Collar Lining Wrinkle(2),Over Cement(2)",,,,,
2,2/6/2026,GALAXY 7 M,901983631,1,901983631-1,Spain,"2,400",,PASS,,,C,Asc 11-2,28D,625080255,125,MS.HUỲNH,CFA,"Wrinkle(2),Dirty O'S(2),Wobbling(2)",,,,,
2,2/6/2026,GALAXY 7 M,902224729,1,902224729-1,Utd.Arab Emir.,264,,PASS,,,C,Asc 10-1,13D,624100308,32,MR.THÁI,CFA,"Dirty M'S(1),Over Cement(2)",,,,,
2,2/6/2026,RUNFALCON 6 EL C,902063269,1,902063269-1,Utd.Arab Emir.,"1,373",,PASS,,,C,Asc 04-1,33D,624070020,125,MRS.LY,MANAGER,No issue,,CFA(THÁI)AQL->TOP MANAGER(MRS.LY),,,
2,2/6/2026,RUNFALCON 6 J,901941998,1,901941998-1,Italy,"1,940",,PASS,,,C,Asc 09-2,24D,623090032,125,MR.THÁI,CFA,"Thread Ends(2),Dirty Collar Lining(2),Poor Attaching(2)",,,,,
2,2/6/2026,TENSAUR SPORT 3.0 K,902057286,1,902057286-1,United Kingdom,390,,PASS,,,C,Asc 02-1,2D,625080009,50,MR.THÁI,CFA,Over Primer O'S(2),,,,,
2,2/6/2026,TENSAUR SPORT 3.0 K,902078209,1,902078209-1,Netherlands,401,15D,PASS,,,B3,3,15D,622020913,50,MRS.VY,CFA,"Dirty Upper(1),Off Center(1)",,,,,
2,2/6/2026,TENSAUR SPORT 3.0 K,902165391,1,902165391-1,Netherlands,300,,PASS,,,C,Asc 02-2,4D,625100152,50,MR.NHỨT,CFA,Off Center(1),,,,,
2,2/6/2026,RUNFALCON 6 J,901970266,1,901970266-1,Canada,620,,PASS,,,C,Asc 10-2,9D,625120023,80,MRS.LY,MANAGER,No issue,,CFA(NHỨT)AQL->TOP MANAGER(MRS.LY),,,
2,2/6/2026,VS PACE 2.0,902182765,1,902182765-1,Spain,"2,400",,PASS,,,D,Asc 10-2,28C,624100065,125,MRS.VY,CFA,Dirty Collar Lining(3),,,,,
2,2/6/2026,VS PACE 2.0,902219978,1,902219978-1,Netherlands,850,,PASS,,,D,Asc 10-2,28C,624100065,80,MS.NGÂN,CFA,"Poor Attaching(1),Dirty Collar Lining(1),Thread Ends(2)",,,,,
2,2/6/2026,URBAN COURT,902052912,1,902052912-1,Italy,895,,PASS,,,D,Asc 08-2,R9C,621030557,80,MR.THÁI,CFA,"Over Primer O'S(2),Over Cement(2)",,,,,
2,2/6/2026,URBAN COURT,902153911,1,902153911-1,Mexico,306,,PASS,,,D,Asc 01-2,37C,625080102,50,MRS.VY,CFA,"Dirty Upper(1),Over Cement(1)",,,,,
2,2/6/2026,URBAN COURT,902159906,1,902159906-1,Mexico,100,,PASS,,,D,Asc 03-2,34C,625020591,20,MR.THÁI,CFA,Over Cement(1),,,,,
2,2/6/2026,URBAN COURT,902169131,1,902169131-1,Panama,300,,PASS,,,D,Asc 03-2,34C,625020591,50,MR.THÁI,CFA,Over Cement(2),,,,,
2,2/6/2026,URBAN COURT,902253866,1,902253866-1,Italy,380,,PASS,,,D,Asc 01-2,37C,625080102,50,MRS.LY,MANAGER,No issue,,CFA(VY)AQL->TOP MANAGER(MRS.LY),,,
2,2/6/2026,VL COURT 3.0 K,902005349,1,902005349-1,USA,"5,310",,PASS,3200,P1,D,Asc 05-1,18D,625030163,125,MR.THÁI,CFA,"Poor Shape(2),Bonding Gap(2),Wobbling(2),Over Cement O'S(2)",,,,,
2,2/6/2026,VL COURT 3.0 K,902010919,1,902010919-1,USA,"3,012",,PASS,,,D,Asc 07-1,41C,625100189,125,MR.THÁI,CFA,"Dirty Upper(2),Over Primer O'S(2),Over Cement(2),Wobbling(2)",,,,,
2,2/6/2026,GRAND COURT 3.0,901838733,1,901838733-1,Netherlands,302,,PASS,,,D,Asc 04-1,33C,625030360,50,MRS.VY,CFA,Over Cement(1),,,,,
2,2/6/2026,GRAND COURT 3.0,901849714,1,901849714-1,Netherlands,656,,PASS,,,D,Asc 01-1,39C,625090192,80,MRS.VY,CFA,"Over Cement(1),Collar Lining Damaged(1)",,,,,
2,2/6/2026,GRAND COURT 3.0,901968258,1,901968258-1,Netherlands,308,,PASS,,,D,Asc 04-1,33C,625030360,50,MRS.VY,CFA,"Dirty Upper(1),Dirty O'S(1)",,,,,
2,2/6/2026,VS PACE 2.0,902248858,1,902248858-1,United Kingdom,760,,PASS,,,D,Asc 09-1,32C,625030234,80,MS.HUỲNH,CFA,"Over Cement(2),Poor Shape(2),Poor Attaching(1)",,,,,
2,2/6/2026,GALAXY 7 M,902225040,1,902225040-1,USA,792,,FAIL,,,C,Asc 06-1,11D,624080127,80,MS.HUỲNH,CFA,"Wrinkle(13),Over Cement(4)",OFFICIAL,,,,
2,2/7/2026,ASPYRE 3 STRIPES,902168963,1,902168963-1,Brazil,300,,PASS,,,A,Asc 11-2,22A,624060318,50,MS.HUỲNH,CFA,"Dirty O'S(1),Dirty Upper(1),Needle Hole(1)",,,,,
2,2/7/2026,TENSAUR SPORT 3.0 CF I,901720315,1,901720315-1,Netherlands,534,,PASS,,,A,Asc 04-1,18A,623100210,80,MR.THÁI,CFA,"Dirty Collar Lining(1),Poor Attaching(2)",,,,,
2,2/7/2026,TENSAUR SPORT 3.0 CF I,901971310,1,901971310-1,Colombia,170,,PASS,,,A,Asc 04-1,18A,623100210,32,MS.HUỲNH,CFA,Thread Ends(1),,,,,
2,2/7/2026,TENSAUR SPORT 3.0 CF I,902219961,1,902219961-1,United Kingdom,330,,PASS,,,A,Asc 05-1,23A,624110228,50,MR.THÁI,CFA,"Collar Lining Wrinkle(1),Thread Ends(2)",,,,,
2,2/7/2026,TENSAUR SPORT 3.0 CF I,902219967,1,902219967-1,United Kingdom,720,,PASS,,,A,Asc 06-2,17A,624030271,80,MS.HUỲNH,CFA,"Broken Stitching(1),Dirty O'S(2),Dirty Collar Lining(2)",,,,,
2,2/7/2026,TENSAUR SPORT 3.0 CF I,902159168,1,902159168-1,Peru,814,,PASS,,,A,Asc 06-1,25A,624030105,80,MR.NHỨT,CFA,Broken Stitching(1),,,,,
2,2/7/2026,TENSAUR SPORT 3.0 CF K,902062982,1,902062982-1,Netherlands,300,,PASS,,,A,Asc 07-2,12A,622021407,50,MR.NHỨT,CFA,Poor Attaching(1),,,,,
2,2/7/2026,TENSAUR SPORT 3.0 CF K,902175141,1,902175141-1,Turkey,"6,861",,PASS,3200,P2,A,Asc 09-2,43A,625100258,125,MR.THÁI,CFA,"Dirty Collar Lining(2),Over Primer O'S(2),Poor Attaching(2)",,,,,
2,2/7/2026,TENSAUR SPORT 3.0 CF K,902152524,1,902152524-1,Italy,"1,515",,PASS,,,A,Asc 05-2,44A,625110020,125,MS.HUỲNH,CFA,"Dirty Upper(2),Wobbling(2),Over Primer O'S(2)",,,,,
2,2/7/2026,TENSAUR SPORT 3.0 CF K,902155625,1,902155625-1,Italy,595,,PASS,,,A,Asc 03-1,29A,624030533,80,MS.HUỲNH,CFA,"Wobbling(2),Dirty O'S(2)",,,,,
2,2/7/2026,TENSAUR SPORT 3.0 CF K,902156635,1,902156635-1,Netherlands,"2,000",,PASS,,,A,Asc 07-2,12A,622021407,125,MRS.VY,CFA,"Dirty Upper(2),Dirty Collar Lining(1),Bonding Gap(1)",,,,,
2,2/7/2026,LIGHTSHIFT 2.0,902178559,1,902178559-1,Turkey,719,,PASS,,,A,Asc 02-2,7A,625020551,80,MS.NGÂN,CFA,"Dirty Upper(1),Left/Right Quarter Mismatch(2),Over Cement(1)",,,,,
2,2/7/2026,LIGHTSHIFT,901665788,1,901665788-1,South Korea,"6,500",28A,PASS,3200,P1,B3,0,28A,619060201,125,MS.NGÂN,CFA,"Over Cement(2),Dirty Collar Lining(2),Dirty M'S(2)",,,,,
2,2/7/2026,LIGHTSHIFT 2.0,902152332,1,902152332-1,Chile,"1,061",12,PASS,,,B3,2,12,625030164,80,MS.NGÂN,CFA,"Left/Right Component Mismatch(1),Uneven Collar Top Line(1),Over Cement(2)",,,,,
2,2/7/2026,TENSAUR SPORT 3.0 CF K,902149773,1,902149773-1,Netherlands,"1,600",,PASS,,,B,Asc 03-2,84L,622030320,125,MS.HUỲNH,CFA,"Dirty Collar Lining(2),Over Primer O'S(2),Dirty O'S(2)",,,,,
2,2/7/2026,TENSAUR SPORT 3.0 CF K,902152163,1,902152163-1,United Kingdom,500,,PASS,,,B,Asc 01-1,27A,621030280,50,MR.NHỨT,CFA,Dirty Upper(2),,,,,
2,2/7/2026,TENSAUR SPORT 3.0 CF K,902005191,1,902005191-1,Netherlands,"13,180",,PASS,3200,P1,B,Asc 01-2,42B,625030063,125,MR.NHỨT,CFA,"Poor Attaching(1),Poor Shape(2),Dirty O'S(2)",,,,,
2,2/7/2026,TENSAUR SPORT 3.0 CF K,902005191,1,902005191-1,Netherlands,"13,180",,PASS,6400,P2+P3,B,Asc 05-2,40B,625010030,250,MRS.VY,CFA,"Dirty Collar Lining(3),Dirty O'S(4),Off Center(3)",,,,,
2,2/7/2026,GALAXY 7 M,902225025,1,902225025-1,USA,303,,PASS,,,C,Asc 11-2,28D,625080255,50,MRS.VY,CFA,Dirty Collar Lining(1),,,,,
2,2/7/2026,GALAXY 7 M,901944596,1,901944596-1,Netherlands,"3,588",,PASS,3200,P1,C,Asc 08-1,21D,623030007,125,MR.NHỨT,CFA,"Dirty Upper(2),Dirty M'S(3)",,,,,
2,2/7/2026,GALAXY 7 W,902225010,1,902225010-1,USA,"2,021",,PASS,,,C,Asc 08-2,8D,624080430,125,MS.HUỲNH,CFA,"Wrinkle(2),Over Primer O'S(2)",,,,,
2,2/7/2026,GALAXY 7 W,902052294,1,902052294-1,Netherlands,680,,PASS,,,C,Asc 08-2,8D,624080430,80,MS.NGÂN,CFA,"Dirty M'S(2),Dirty Upper(2)",,,,,
2,2/7/2026,GALAXY 7 W,902075353,1,902075353-1,Italy,505,,PASS,,,C,Asc 07-2,29D,624040410,80,MR.THÁI,CFA,"Dirty Collar Lining(2),Dirty O'S(2)",,,,,
2,2/7/2026,GALAXY 7 W,902224891,1,902224891-1,Canada,341,,PASS,,,C,Asc 08-2,8D,624080430,50,MS.HUỲNH,CFA,"Wrinkle(2),Collar Lining Wrinkle(2)",,,,,
2,2/7/2026,GRAND COURT 2.0,902127965,1,902127965-1,Netherlands,795,,PASS,,,C,Asc 05-1,6D,625120024,80,MS.HUỲNH,CFA,"Over Cement(2),Bonding Gap(2)",,,,,
2,2/7/2026,RUNFALCON 6 EL C,902049510,1,902049510-1,Utd.Arab Emir.,"1,372",15A,PASS,,,B3,4,15A,624050151,125,MS.HUỲNH,CFA,"Bonding Gap(2),Off Center(2)",,,,,
2,2/7/2026,RUNFALCON 6 EL C,902049594,1,902049594-1,Utd.Arab Emir.,"1,151",,PASS,,,C,Asc 03-2,11D,624080127,80,MRS.VY,CFA,"Poor Attaching(1),Dirty Collar Lining(1)",,,,,
2,2/7/2026,RUNFALCON 6 EL C,902055120,1,902055120-1,Utd.Arab Emir.,260,,PASS,,,C,Asc 03-2,20D,624080083,32,MRS.VY,CFA,Dirty M'S(1),,,,,
2,2/7/2026,RUNFALCON 6 EL C,902228366,1,902228366-1,Spain,375,,PASS,,,C,Asc 03-1,8C,624070252,50,MR.NHỨT,CFA,"Over Cement(1),Dirty Upper(1)",,,,,
2,2/7/2026,RUNFALCON 6 EL C,902235300,1,902235300-1,Italy,480,,PASS,,,C,Asc 03-1,8C,624070252,50,MR.NHỨT,CFA,"Dirty Upper(1),Dirty Collar Lining(1)",,,,,
2,2/7/2026,RUNFALCON 6 EL C,901965192,1,901965192-1,Italy,670,16,PASS,,,B3,0,16,621070084,80,MRS.VY,CFA,"Wrinkle(1),Left/Right Component Mismatch(1)",,,,,
2,2/7/2026,TENSAUR SPORT 3.0 K,901979818,1,901979818-1,Colombia,375,,PASS,,,C,Asc 01-1,11D,624080127,50,MRS.VY,CFA,"Collar Lining Wrinkle(1),Dirty O'S(1)",,,,,
2,2/7/2026,TENSAUR SPORT 3.0 K,902153719,1,902153719-1,Panama,"1,028",15A,PASS,,,B3,4,15A,624050151,80,MR.NHỨT,CFA,"Wrinkle(1),Left/Right Component Mismatch(1)",,,,,
2,2/7/2026,TENSAUR SPORT 3.0 K,902161086,1,902161086-1,Peru,944,,PASS,,,C,Asc 06-1,16,621070084,80,MR.THÁI,CFA,"Dirty Collar Lining(2),Poor Attaching(2)",,,,,
2,2/7/2026,TENSAUR SPORT 3.0 K,902168794,1,902168794-1,Argentina,950,,PASS,,,C,Asc 01-2,31D,624040282,80,MR.NHỨT,CFA,"Wrinkle(1),Dirty Collar Lining(1),Wobbling(1)",,,,,
2,2/7/2026,TENSAUR SPORT 3.0 K,902174876,1,902174876-1,Turkey,"4,708",,PASS,1508,PC,C,Asc 01-1,11D,624080127,125,MRS.VY,CFA,"Dirty O'S(1),Wrinkle(2)",,,,,
2,2/7/2026,RUNFALCON 6 J,901962075,1,901962075-1,Colombia,758,7D,PASS,,,B3,0,7D,621110412,80,MR.NHỨT,CFA,"Dirty Upper(1),Poor Shape(1)",,,,,
2,2/7/2026,RUNFALCON 6 J,902054749,1,902054749-1,Utd.Arab Emir.,264,,PASS,,,C,Asc 10-2,9D,625120023,32,MS.HUỲNH,CFA,"Poor Attaching(1),Over Cement(1)",,,,,
2,2/7/2026,RUNFALCON 6 J,902055328,1,902055328-1,Monaco,250,,PASS,,,C,Asc 10-2,9D,625120023,32,MRS.VY,CFA,Dirty Upper(1),,,,,
2,2/7/2026,URBAN COURT,901484514,1,901484514-1,Taiwan,800,,PASS,,,D,Asc 08-1,1C,623090139,80,MS.HUỲNH,CFA,"Dirty O'S(1),Dirty Collar Lining(2),Dirty Upper(1)",,,,,
2,2/7/2026,URBAN COURT,901485653,1,901485653-1,Taiwan,800,,PASS,,,D,Asc 03-2,34C,625020591,80,MS.HUỲNH,CFA,"Over Cement(2),Dirty O'S(2)",,,,,
2,2/7/2026,URBAN COURT,901973711,1,901973711-1,Italy,"1,230",,PASS,,,D,Asc 01-2,37C,625080102,125,MR.NHỨT,CFA,"Wrinkle(1),Dirty Collar Lining(1)",,,,,
2,2/7/2026,URBAN COURT,902150049,1,902150049-1,Panama,300,,PASS,,,D,Asc 08-2,11C,624070393,50,MS.HUỲNH,CFA,"Wobbling(2),Bonding Gap(1)",,,,,
2,2/7/2026,URBAN COURT,902155094,1,902155094-1,Peru,144,12,PASS,,,B3,2,12,625030164,20,MS.HUỲNH,CFA,Over Cement(1),,,,,
2,2/7/2026,URBAN COURT,902164236,1,902164236-1,Utd.Arab Emir.,557,,PASS,,,D,Asc 06-2,10C,624050200,80,MR.NHỨT,CFA,Wobbling(2),,,,,
2,2/7/2026,URBAN COURT,902170373,1,902170373-1,Utd.Arab Emir.,545,,PASS,,,D,Asc 01-2,37C,625080102,80,MR.NHỨT,CFA,"Dirty Collar Lining(1),Over Cement(1)",,,,,
2,2/7/2026,VL COURT 3.0 K,902062602,1,902062602-1,USA,"1,649",,PASS,,,D,Asc 04-2,12C,624080082,125,MR.THÁI,CFA,"Wobbling(2),Thread Ends(2),Broken Stitching(1)",,,,,
2,2/7/2026,GRAND COURT 3.0,901892988,1,901892988-1,United Kingdom,960,,PASS,,,D,Asc 02-1,R6D,619080327,80,MS.HUỲNH,CFA,"Dirty O'S(1),Left/Right Component Mismatch(2),Dirty Upper(2)",,,,,
2,2/7/2026,GRAND COURT 3.0,902050999,1,902050999-1,Netherlands,571,,PASS,,,D,Asc 03-1,6C,622070194,80,MS.HUỲNH,CFA,"Bonding Gap(2),Dirty O'S(2)",,,,,
2,2/7/2026,VS PACE 2.0,902165155,1,902165155-1,United Kingdom,"2,680",,PASS,,,D,Asc 09-2,14C,624020152,125,MS.HUỲNH,CFA,"Over Cement(2),Bonding Gap(2),Poor Attaching(2)",,,,,
2,2/7/2026,VS PACE 2.0,902179303,1,902179303-1,Netherlands,340,,PASS,,,D,Asc 09-2,14C,624020152,50,MS.NGÂN,CFA,"Poor Shape(1),Over Cement(1)",,,,,
2,2/7/2026,VS PACE 2.0,902179475,1,902179475-1,Netherlands,"3,500",,PASS,300,PC,D,Asc 08-1,1C,623090139,50,MRS.VY,CFA,"Dirty Upper(1),Dirty O'S(1)",,,,,
2,2/7/2026,VS PACE 2.0,902248701,1,902248701-1,United Kingdom,340,,PASS,,,D,Asc 09-1,9,621040446,50,MR.THÁI,CFA,"Poor Attaching(2),Dirty Upper(2)",,,,,
2,2/7/2026,VS PACE 2.0,902253740,1,902253740-1,Netherlands,607,,PASS,,,D,Asc 10-1,2C,623080380,80,MR.NHỨT,CFA,Collar Lining Wrinkle(1),,,,,
2,2/7/2026,VS PACE 2.0,902256707,1,902256707-1,Italy,"1,165",,PASS,,,D,Asc 09-2,14C,624020152,80,MS.HUỲNH,CFA,Poor Attaching(4),,,,,
2,2/7/2026,VS PACE 2.0,902256797,1,902256797-1,Italy,"1,075",,PASS,,,D,Asc 10-1,2C,623080380,80,MRS.VY,CFA,Dirty Upper(1),,,,,
2,2/7/2026,RUNFALCON 6 J,901942030,1,901942030-1,Italy,745,,PASS,,,D,Asc 01-2,18D,625030163,80,MRS.VY,CFA,Dirty Collar Lining(2),,,,,
2,2/7/2026,RUNFALCON 6 J,901942071,1,901942071-1,Italy,660,,PASS,,,D,Asc 02-2,35C,625050156,80,MS.HUỲNH,CFA,"Dirty M'S(2),Dirty Collar Lining(2)",,,,,
2,2/7/2026,RUNFALCON 6 J,902054395,1,902054395-1,Utd.Arab Emir.,133,,PASS,,,D,Asc 02-2,35C,625050156,20,MRS.VY,CFA,Dirty Collar Lining(1),,,,,
2,2/9/2026,LITE RACER ADAPT 7.0 I,902230524,1,902230524-1,USA,334,,PASS,,,A,Asc 06-1,25A,624030105,50,MRS.VY,CFA,Off Center(1),,,,,
2,2/9/2026,ASPYRE,902063907,1,902063907-1,Netherlands,323,,PASS,,,A,Asc 11-2,22A,624060318,50,MR.NHỨT,CFA,"Dirty Collar Lining(1),Over Cement(1)",,,,,
2,2/9/2026,TENSAUR SPORT 3.0 CF I,902159388,1,902159388-1,Peru,812,,PASS,,,A,Asc 06-1,25A,624030105,80,MS.NGÂN,CFA,"Dirty Collar Lining(2),Thread Ends(2)",,,,,
2,2/9/2026,TENSAUR SPORT 3.0 CF I,902159698,1,902159698-1,United Kingdom,660,,PASS,,,A,Asc 04-1,18A,623100210,80,MS.NGÂN,CFA,"Dirty Collar Lining(2),Collar Lining Wrinkle(1),Dirty Upper(1)",,,,,
2,2/9/2026,TENSAUR SPORT 3.0 CF I,902228346,1,902228346-1,Spain,885,,PASS,,,A,Asc 04-1,18A,623100210,80,MR.NHỨT,CFA,Wobbling(2),,,,,
2,2/9/2026,TENSAUR SPORT 3.0 CF I,901726079,1,901726079-1,Netherlands,705,,PASS,,,A,Asc 06-2,17A,624030271,80,MRS.VY,CFA,"Dirty O'S(1),Off Center(1)",,,,,
2,2/9/2026,TENSAUR SPORT 3.0 CF I,902163220,1,902163220-1,Netherlands,"1,156",,PASS,,,A,Asc 11-1,9A,622080458,80,MS.NGÂN,CFA,"Dirty Upper(1),Bonding Gap(1),Dirty O'S(1),Dirty Collar Lining(1)",,,,,
2,2/9/2026,TENSAUR SPORT 3.0 CF K,902159021,1,902159021-1,Italy,"6,060",,PASS,286,PC,A,Asc 04-2,40A,625060019,50,MS.NGÂN,CFA,"Over Primer O'S(1),Dirty Collar Lining(2),Dirty O'S(2),Thread Ends(2)",,,,,
2,2/9/2026,TENSAUR SPORT 3.0 CF K,902159999,1,902159999-1,Brazil,"1,203",,PASS,,,A,Asc 03-1,29A,624030533,125,MS.HUỲNH,CFA,"Dirty Collar Lining(2),Thread Ends(2),Left/Right Component Mismatch(2)",,,,,
2,2/9/2026,TENSAUR SPORT 3.0 CF K,902175141,1,902175141-1,Turkey,"6,861",,PASS,461,PC,A,Asc 03-2,13A,625120045,50,MS.NGÂN,CFA,"Dirty O'S(2),Dirty Upper(2)",,,,,
2,2/9/2026,TENSAUR SPORT 3.0 CF K,902151516,1,902151516-1,United Kingdom,323,,PASS,,,A,Asc 05-2,44A,625110020,50,MS.HUỲNH,CFA,Collar Lining Wrinkle(2),,,,,
2,2/9/2026,TENSAUR SPORT 3.0 CF K,902219882,1,902219882-1,Peru,526,,PASS,,,A,Asc 03-1,29A,624030533,80,MR.NHỨT,CFA,"Wobbling(1),Bonding Gap(1)",,,,,
2,2/9/2026,VS PACE 2.0 CF I,902067673,1,902067673-1,Mexico,426,,PASS,,,A,Asc 08-1,41A,625080141,50,MR.THÁI,CFA,"Wobbling(2),Bonding Gap(1)",,,,,
2,2/9/2026,VL COURT 3.0 K,902072530,1,902072530-1,Netherlands,"7,123",,PASS,3200,P2,A,Asc 03-1,29A,624030533,125,MS.HUỲNH,CFA,"Wrinkle(2),Wobbling(2),Crooked Toe Cap(2)",,,,,
2,2/9/2026,LIGHTSHIFT 2.0,902170880,1,902170880-1,Utd.Arab Emir.,144,,PASS,,,A,Asc 01-1,31A,624060331,20,MR.THÁI,CFA,Over Cement(1),,,,,
2,2/9/2026,TENSAUR SPORT 3.0 CF K,902067095,1,902067095-1,Spain,361,,PASS,,,B,Asc 03-2,84L,622030320,50,MS.NGÂN,CFA,"Dirty Collar Lining(1),Dirty O'S(1),Dirty Upper(1)",,,,,
2,2/9/2026,TENSAUR SPORT 3.0 CF K,902151462,1,902151462-1,Netherlands,930,,PASS,,,B,Asc 01-1,27A,621030280,80,MS.NGÂN,CFA,"Over Primer Upper(2),Dirty O'S(2),Dirty Upper(2)",,,,,
2,2/9/2026,TENSAUR SPORT 3.0 CF K,902235312,1,902235312-1,Italy,630,,PASS,,,B,Asc 06-2,26B,623090198,80,MS.HUỲNH,CFA,Collar Lining Wrinkle(3),,,,,
2,2/9/2026,Tensaur Sport 2.0 CF K,902055059,1,902055059-1,Saudi Arabia,"2,818",,PASS,,,B,Asc 03-1,46B,625100092,125,MR.THÁI,CFA,"Off Center(2),Thread Ends(2),Wobbling(2)",,,,,
2,2/9/2026,GALAXY 7 M,902224766,1,902224766-1,Utd.Arab Emir.,"5,556",,PASS,3200,P1,C,Asc 11-2,28D,625080255,125,MS.HUỲNH,CFA,"Wrinkle(2),Dirty O'S(2),Over Cement(2)",,,,,
2,2/9/2026,GALAXY 7 M,902224931,1,902224931-1,Italy,415,,PASS,,,C,Asc 08-1,21D,623030007,50,MRS.LY,MANAGER,No issue,,CFA(THÁI)AQL->TOP MANAGER(MRS.LY),,,
2,2/9/2026,GALAXY 7 M,902224944,1,902224944-1,Netherlands,137,,PASS,,,C,Asc 08-1,21D,623030007,20,MRS.LY,MANAGER,No issue,,CFA(THÁI)AQL->TOP MANAGER(MRS.LY),,,
2,2/9/2026,GALAXY 7 M,901944590,1,901944590-1,Netherlands,"3,588",,PASS,3200,P1,C,Asc 10-1,13D,624100308,125,MR.NHỨT,CFA,"Dirty M'S(1),Wobbling(2),Wrinkle(2),Dirty Collar Lining(1)",,,,,
2,2/9/2026,GALAXY 7 M,902057904,1,902057904-1,Spain,"2,000",,PASS,,,C,Asc 11-2,28D,625080255,125,MS.HUỲNH,CFA,"Collar Lining Wrinkle(2),Over Cement(2),Dirty O'S(2)",,,,,
2,2/9/2026,GALAXY 7 M,902224942,1,902224942-1,Netherlands,139,,PASS,,,C,Asc 06-1,16,621070084,20,MRS.VY,CFA,Wrinkle(1),,,,,
2,2/9/2026,GALAXY 7 M,902225044,1,902225044-1,USA,"1,295",,PASS,,,C,Asc 08-2,8D,624080430,125,MR.THÁI,CFA,"Over Cement(1),Dirty M'S(1)",,,,,
2,2/9/2026,GALAXY 7 M,902225054,1,902225054-1,Philippines,100,,PASS,,,C,Asc 06-1,16,621070084,20,MRS.VY,CFA,No issue,,,,,
2,2/9/2026,GALAXY 7 W,902224969,1,902224969-1,Indonesia->W9997,202,,PASS,,,C,Asc 08-2,8D,624080430,32,MS.HUỲNH,CFA,Dirty M'S(1),,,,,
2,2/9/2026,GALAXY 7 W,901581797,1,901581797-1,South Korea,"5,935",11,PASS,3200,P1,B3,2,11,623120136,125,MS.NGÂN,CFA,"Wrinkle(2),Dirty Upper(2),Poor MidSole Quality(2)",,,,,
2,2/9/2026,GALAXY 7 W,902045642,1,902045642-1,Netherlands,"1,735",,PASS,,,C,Asc 08-2,8D,624080430,125,MS.NGÂN,CFA,"Wobbling(2),Dirty O'S(2)",,,,,
2,2/9/2026,GRAND COURT 2.0,902224787,1,902224787-1,Mexico,280,,PASS,,,C,Asc 04-2,27D,623090194,32,MR.THÁI,CFA,"Bonding Gap(1),Dirty Upper(1)",,,,,
2,2/9/2026,RUNFALCON 6 EL C,902229751,1,902229751-1,Spain,320,,PASS,,,C,Asc 03-1,8C,624070252,50,MRS.VY,CFA,Over Cement(1),,,,,
2,2/9/2026,RUNFALCON 6 EL C,902037571,1,902037571-1,Netherlands,300,,PASS,,,C,Asc 04-1,33D,624070020,50,MS.HUỲNH,CFA,"Bonding Gap(1),Over Cement(1),Dirty Collar Lining(1)",,,,,
2,2/9/2026,RUNFALCON 6 EL C,902046186,1,902046186-1,Netherlands,316,,PASS,,,C,Asc 03-2,20D,624080083,50,MRS.VY,CFA,"Dirty Upper(1),Over Cement(1)",,,,,
2,2/9/2026,TENSAUR SPORT 3.0 K,901961968,1,901961968-1,Colombia,224,,PASS,,,C,Asc 01-2,31D,624040282,32,MS.NGÂN,CFA,"Collar Lining Wrinkle(1),Poor Shape(1)",,,,,
2,2/9/2026,TENSAUR SPORT 3.0 K,902057834,1,902057834-1,Netherlands,552,,PASS,,,C,Asc 01-2,31D,624040282,80,MR.THÁI,CFA,"Poor Shape(2),Dirty Collar Lining(2),Dirty O'S(1)",,,,,
2,2/9/2026,TENSAUR SPORT 3.0 K,902057932,1,902057932-1,Netherlands,558,,PASS,,,C,Asc 02-2,4D,625100152,80,MR.NHỨT,CFA,"Dirty Collar Lining(1),Over Primer O'S(1)",,,,,
2,2/9/2026,TENSAUR SPORT 3.0 K,902152047,1,902152047-1,Colombia,151,,PASS,,,C,Asc 01-1,11D,624080127,32,MR.THÁI,CFA,Collar Lining Wrinkle(1),,,,,
2,2/9/2026,TENSAUR SPORT 3.0 K,902153255,1,902153255-1,Colombia,823,,PASS,,,C,Asc 06-1,17B,621120120,80,MS.HUỲNH,CFA,"Wobbling(2),Over Primer O'S(2)",,,,,
2,2/9/2026,TENSAUR SPORT 3.0 K,902173330,1,902173330-1,Mexico,442,,PASS,,,C,Asc 02-2,4D,625100152,50,MS.HUỲNH,CFA,"Bonding Gap(1),Poor Attaching(1)",,,,,
2,2/9/2026,TENSAUR SPORT 3.0 K,902174695,1,902174695-1,Turkey,"5,086",12,PASS,3200,P1,B3,2,12,625030164,125,MR.NHỨT,CFA,"Crooked Collar Lining(1),Wrinkle(1),Wobbling(2),Bonding Gap(2)",,,,,
2,2/9/2026,TENSAUR SPORT 3.0 K,902229763,1,902229763-1,Spain,430,,PASS,,,C,Asc 05-1,6D,625120024,50,MR.THÁI,CFA,Thread Ends(2),,,,,
2,2/9/2026,TENSAUR SPORT 3.0 K,4501438184,1,4501438184-1,South Africa,2,,PASS,,,C,Asc 01-1,11D,624080127,2,MS.HUỲNH,CFA,No issue,,,,,
2,2/9/2026,RUNFALCON 6 J,902028682,1,902028682-1,Mexico,"4,500",,PASS,3200,P1,C,Asc 10-2,9D,625120023,125,MS.HUỲNH,CFA,"Dirty Collar Lining(2),Wrinkle(2),Collar Lining Wrinkle(2),Bonding Gap(2)",,,,,
2,2/9/2026,RUNFALCON 6 J,902055561,1,902055561-1,Canada,300,,PASS,,,C,Asc 09-2,24D,623090032,50,MRS.VY,CFA,"Dirty Collar Lining(1),Off Center(1)",,,,,
2,2/9/2026,VS PACE 2.0,902173179,1,902173179-1,United Kingdom,"5,310",,PASS,3200,P1,D,Asc 10-1,2C,623080380,125,MR.THÁI,CFA,"Wrinkle(2),Bonding Gap(2),Dirty O'S(2)",,,,,
2,2/9/2026,URBAN COURT,901966391,1,901966391-1,United Kingdom,300,,PASS,,,D,Asc 01-2,37C,625080102,50,MR.THÁI,CFA,"Bonding Gap(1),Over Cement(1),Over Primer O'S(1)",,,,,
2,2/9/2026,URBAN COURT,901973394,1,901973394-1,Netherlands,"1,690",,PASS,,,D,Asc 08-1,1C,623090139,125,MS.NGÂN,CFA,"Dirty O'S(2),Bonding Gap(2),Wobbling(2)",,,,,
2,2/9/2026,URBAN COURT,902055322,1,902055322-1,Netherlands,300,,PASS,,,D,Asc 08-2,17C,624030608,50,MRS.VY,CFA,"Wobbling(1),Over Cement(1)",,,,,
2,2/9/2026,URBAN COURT,902162808,1,902162808-1,Utd.Arab Emir.,958,,PASS,,,D,Asc 08-2,17C,624030608,80,MRS.VY,CFA,"Dirty Collar Lining(2),Wrinkle(1)",,,,,
2,2/9/2026,URBAN COURT,902165506,1,902165506-1,Mexico,300,,PASS,,,D,Asc 06-2,10C,624050200,50,MRS.VY,CFA,Dirty Upper(1),,,,,
2,2/9/2026,URBAN COURT,902172003,1,902172003-1,Mexico,"1,301",,PASS,,,D,Asc 07-2,42C,625110069,125,MR.NHỨT,CFA,"Wrinkle(1),Dirty Collar Lining(1),Dirty O'S(1)",,,,,
2,2/9/2026,URBAN COURT,902251912,1,902251912-1,Netherlands,638,,PASS,,,D,Asc 06-1,36C,625050250,80,MRS.VY,CFA,"Dirty Collar Lining(1),Wrinkle(1)",,,,,
2,2/9/2026,VL COURT 3.0 K,902009620,1,902009620-1,USA,"2,600",,PASS,,,D,Asc 05-2,40C,625100153,125,MR.THÁI,CFA,"Over Primer O'S(2),Dirty Collar Lining(2),Wobbling(2)",,,,,
2,2/9/2026,GRAND COURT 3.0,901838290,1,901838290-1,Italy,333,,PASS,,,D,Asc 04-1,33C,625030360,50,MR.NHỨT,CFA,Over Cement(1),,,,,
2,2/9/2026,GRAND COURT 3.0,901963347,1,901963347-1,Netherlands,"3,500",,PASS,300,PC,D,Asc 02-1,5C,621120400,50,MS.HUỲNH,CFA,"Wobbling(1),Bonding Gap(1)",,,,,
2,2/9/2026,GRAND COURT 3.0,902046327,1,902046327-1,Netherlands,325,,PASS,,,D,Asc 03-1,6C,622070194,50,MR.THÁI,CFA,"Bonding Gap(2),Collar Lining Wrinkle(2)",,,,,
2,2/9/2026,GRAND COURT 3.0,902052439,1,902052439-1,Netherlands,491,,PASS,,,D,Asc 01-1,39C,625090192,50,MRS.VY,CFA,Over Cement(1),,,,,
2,2/9/2026,GRAND COURT 3.0,902052630,1,902052630-1,Netherlands,730,,PASS,,,D,Asc 01-1,39C,625090192,80,MR.NHỨT,CFA,"Wobbling(2),Over Cement(1)",,,,,
2,2/9/2026,GRAND COURT 3.0,902068794,1,902068794-1,Netherlands,339,,PASS,,,D,Asc 03-1,6C,622070194,50,MS.NGÂN,CFA,Collar Lining Wrinkle(2),,,,,
2,2/9/2026,GRAND COURT 3.0,902134993,1,902134993-1,Netherlands,899,,PASS,,,D,Asc 04-1,33C,625030360,80,MR.NHỨT,CFA,Dirty Upper(1),,,,,
2,2/9/2026,VS PACE 2.0,902177135,1,902177135-1,Netherlands,660,,PASS,,,D,Asc 09-1,32C,625030234,80,MRS.VY,CFA,Over Cement(1),,,,,
2,2/9/2026,VS PACE 2.0,902181363,1,902181363-1,Netherlands,380,,PASS,,,D,Asc 11-1,38C,625090293,50,MR.THÁI,CFA,Dirty Shoelace(2),,,,,
2,2/9/2026,VS PACE 2.0,902182715,1,902182715-1,Netherlands,"3,500",,PASS,3200,P1,D,Asc 09-1,43C,625120039,125,MR.THÁI,CFA,"Dirty O'S(2),Over Cement(2),Poor Shape(2)",,,,,
2,2/9/2026,VS PACE 2.0,902184619,1,902184619-1,Spain,"2,200",,PASS,,,D,Asc 11-1,38C,625090293,125,MRS.VY,CFA,"Dirty Collar Lining(1),Dirty Upper(1)",,,,,
2,2/9/2026,RUNFALCON 6 J,902056454,1,902056454-1,Monaco,150,,PASS,,,D,Asc 02-2,R6D,619080327,20,MR.THÁI,CFA,"Over Primer O'S(1),Dirty Collar Lining(1)",,,,,
2,2/9/2026,RUNFALCON 6 J,902151428,1,902151428-1,Morocco,202,,PASS,,,D,Asc 01-2,9,621040446,32,MRS.VY,CFA,Dirty Collar Lining(1),,,,,
2,2/9/2026,RUNFALCON 6 J,902160143,1,902160143-1,Peru,680,,PASS,,,D,Asc 03-2,34C,625020591,80,MS.HUỲNH,CFA,"Wrinkle(1),Over Primer O'S(1),Dirty M'S(1),Dirty Upper(1)",,,,,
2,2/9/2026,LIGHTSHIFT 2.0,902521456,1,902521456-1,Malaysia,500,,FAIL,,,A,Asc 02-2,7A,625020551,50,MRS.VY,CFA,Bonding Gap(12),OFFICIAL,,,,
2,2/10/2026,LITE RACER ADAPT 7.0 I,902230541,1,902230541-1,USA,322,,PASS,,,A,Asc 06-1,25A,624030105,50,MS.NGÂN,CFA,"Dirty Upper(1),Wobbling(1),Dirty M'S(1)",,,,,
2,2/10/2026,ASPYRE,901968004,1,901968004-1,Netherlands,664,,PASS,,,A,Asc 11-2,22A,624060318,80,MRS.VY,CFA,Over Cement(1),,,,,
2,2/10/2026,RUNFALCON 6 EL I,902063653,1,902063653-1,Netherlands,640,,PASS,,,A,Asc 07-1,20A,623110220,80,MS.HUỲNH,CFA,"Wrinkle(2),Dirty Upper(2)",,,,,
2,2/10/2026,RUNFALCON 6 EL I,902063735,1,902063735-1,Spain,303,,PASS,,,A,Asc 08-2,45A,625110021,50,MRS.VY,CFA,Dirty Upper(1),,,,,
2,2/10/2026,TENSAUR SPORT 3.0 CF I,902058485,1,902058485-1,Italy,330,,PASS,,,A,Asc 04-1,18A,623100210,50,MS.HUỲNH,CFA,"Dirty O'S(1),Skipped Stitching(1)",,,,,
2,2/10/2026,TENSAUR SPORT 3.0 CF I,902174206,1,902174206-1,United Kingdom,311,,PASS,,,A,Asc 10-2,42A,625100252,50,MR.NHỨT,CFA,Dirty Collar Lining(1),,,,,
2,2/10/2026,TENSAUR SPORT 3.0 CF I,902149537,1,902149537-1,Brazil,300,,PASS,,,A,Asc 04-1,18A,623100210,50,MR.NHỨT,CFA,"Wobbling(1),Bonding Gap(1)",,,,,
2,2/10/2026,TENSAUR SPORT 3.0 CF I,902153996,1,902153996-1,Chile,"1,442",,PASS,,,A,Asc 10-2,2A,621110407,125,MR.NHỨT,CFA,"Wobbling(1),Bonding Gap(1)",,,,,
2,2/10/2026,TENSAUR SPORT 3.0 CF K,901968803,1,901968803-1,Utd.Arab Emir.,"4,166",,PASS,3200,P1,A,Asc 07-1,20A,623110220,32,MR.BÌNH,LOP,Collar Lining Wrinkle(1),,,,,
2,2/10/2026,TENSAUR SPORT 3.0 CF K,901975234,1,901975234-1,Chile,149,,PASS,,,A,Asc 03-2,13A,625120045,20,MS.NGÂN,CFA,Thread Ends(1),,,,,
2,2/10/2026,VS PACE 2.0 CF I,902159666,1,902159666-1,Mexico,580,,PASS,,,A,Asc 08-1,41A,625080141,80,MS.NGÂN,CFA,"Wobbling(1),Dirty O'S(1),Over Cement(2)",,,,,
2,2/10/2026,VS PACE 2.0 CF I,902160017,1,902160017-1,Mexico,180,,PASS,,,A,Asc 08-1,41A,625080141,32,MRS.VY,CFA,"Wobbling(1),Over Cement(1)",,,,,
2,2/10/2026,LIGHTSHIFT 2.0,902057367,1,902057367-1,Colombia,266,,PASS,,,A,Asc 02-2,7A,625020551,32,MR.NHỨT,CFA,Thread Ends(1),,,,,
2,2/10/2026,LIGHTSHIFT 2.0,902177426,1,902177426-1,Netherlands,219,,PASS,,,A,Asc 01-1,31A,624060331,32,MR.NHỨT,CFA,Over Cement(1),,,,,
2,2/10/2026,RUNFALCON 6 J,902149056,1,902149056-1,Italy,320,11A,PASS,,,B3,0,11A,622021048,50,MR.THÁI,CFA,"Wobbling(1),Dirty Collar Lining(1),Collar Lining Wrinkle(1)",,,,,
2,2/10/2026,RUNFALCON 6 J,902151211,1,902151211-1,Italy,565,,PASS,,,A,Asc 07-1,20A,623110220,80,MS.NGÂN,CFA,"Dirty Collar Lining(1),Bonding Gap(2),Dirty O'S(2)",,,,,
2,2/10/2026,RUNFALCON 6 J,902151702,1,902151702-1,United Kingdom,302,11A,PASS,,,B3,0,11A,622021048,50,MS.HUỲNH,CFA,Over Cement(2),,,,,
2,2/10/2026,RUNFALCON 6 J,902151776,1,902151776-1,Netherlands,649,R4A,PASS,,,B3,0,R4A,620080362,80,MR.NHỨT,CFA,"Over Cement(1),Bonding Gap(1)",,,,,
2,2/10/2026,RUNFALCON 6 J,902151867,1,902151867-1,Netherlands,328,,PASS,,,A,Asc 07-2,12A,622021407,50,MR.NHỨT,CFA,"Dirty Collar Lining(1),Off Center(1)",,,,,
2,2/10/2026,TENSAUR SPORT 3.0 CF K,902148614,1,902148614-1,United Kingdom,"6,110",,PASS,3200,P1,B,Asc 05-1,6B,621060243,32,MR.BÌNH,LOP,Off Center(1),,,,,
2,2/10/2026,TENSAUR SPORT 3.0 CF K,902155537,1,902155537-1,Italy,380,,PASS,,,B,Asc 03-2,84L,622030320,50,MR.NHỨT,CFA,"Bonding Gap(1),Dirty Collar Lining(1)",,,,,
2,2/10/2026,TENSAUR SPORT 3.0 CF K,902219888,1,902219888-1,United Kingdom,300,,PASS,,,B,Asc 04-1,9B,621030996,50,MR.NHỨT,CFA,Dirty Collar Lining(1),,,,,
2,2/10/2026,TENSAUR SPORT 3.0 CF K,901975140,1,901975140-1,Netherlands,"6,880",,PASS,3200,P1,B,Asc 06-1,18B,620030032,125,MR.NHỨT,CFA,"Dirty Upper(1),Poor Shape(2),Collar Lining Wrinkle(2)",,,,,
2,2/10/2026,TENSAUR SPORT 3.0 CF K,901981563,1,901981563-1,Chile,101,,PASS,,,B,Asc 01-1,27A,621030280,20,MR.THÁI,CFA,Over Primer O'S(1),,,,,
2,2/10/2026,TENSAUR SPORT 3.0 CF K,902157197,1,902157197-1,United Kingdom,645,,PASS,,,B,Asc 02-1,33B,624050450,80,MS.HUỲNH,CFA,"Over Primer O'S(1),Collar Lining Wrinkle(1),Poor Shape(2),Poor Attaching(2)",,,,,
2,2/10/2026,TENSAUR SPORT 3.0 CF K,902056360,1,902056360-1,Netherlands,329,,PASS,,,B,Asc 02-1,33B,624050450,50,MR.NHỨT,CFA,"Wobbling(1),Dirty Collar Lining(1)",,,,,
2,2/10/2026,TENSAUR SPORT 3.0 CF K,902072143,1,902072143-1,Netherlands,300,,PASS,,,B,Asc 02-1,25B,621100361,50,MR.MOON,MANAGER,No issue,,CFA(NGÂN)AQL->TOP MANAGER(MR.MOON),,,
2,2/10/2026,TENSAUR SPORT 3.0 CF K,902228360,1,902228360-1,Spain,340,,PASS,,,B,Asc 06-2,26B,623090198,50,MR.THÁI,CFA,"Dirty Collar Lining(1),Dirty Upper(1)",,,,,
2,2/10/2026,GALAXY 7 M,902224705,1,902224705-1,Ukraine,222,,PASS,,,C,Asc 08-1,21D,623030007,32,MR.NHỨT,CFA,Dirty M'S(1),,,,,
2,2/10/2026,GALAXY 7 M,901944596,1,901944596-1,Netherlands,"3,588",,PASS,3200,P1,C,Asc 07-1,11,623120136,32,MR.BÌNH,LOP,Wrinkle(1),,,,,
2,2/10/2026,GALAXY 7 M,902224685,1,902224685-1,Monaco,150,,PASS,,,C,Asc 10-1,13D,624100308,20,MRS.VY,CFA,Dirty Collar Lining(1),,,,,
2,2/10/2026,GALAXY 7 W,902053949,1,902053949-1,Italy,"4,000",,PASS,800,PC,C,Asc 08-2,8D,624080430,80,MR.THÁI,CFA,Dirty O'S(3),,,,,
2,2/10/2026,GALAXY 7 W,902129543,1,902129543-1,Netherlands,55,,PASS,,,C,Asc 07-2,29D,624040410,13,MRS.VY,CFA,No issue,,,,,
2,2/10/2026,GALAXY 7 W,902052517,1,902052517-1,Netherlands,"2,078",,PASS,,,C,Asc 07-2,29D,624040410,125,MRS.VY,CFA,"Dirty M'S(2),Wobbling(2)",,,,,
2,2/10/2026,GALAXY 7 W,902224695,1,902224695-1,Saudi Arabia,303,,PASS,,,C,Asc 07-2,29D,624040410,50,MRS.VY,CFA,"Dirty O'S(1),Wobbling(1)",,,,,
2,2/10/2026,RUNFALCON 6 EL C,902033947,1,902033947-1,Italy,545,17B,PASS,,,B3,0,17B,621120120,80,MS.NGÂN,CFA,"Dirty M'S(2),Poor Attaching(1)",,,,,
2,2/10/2026,RUNFALCON 6 EL C,902047732,1,902047732-1,Netherlands,"1,384",,PASS,,,C,Asc 03-2,11D,624080127,125,MRS.VY,CFA,"Dirty Collar Lining(1),Over Cement(2)",,,,,
2,2/10/2026,RUNFALCON 6 EL C,902228380,1,902228380-1,Spain,410,17B,PASS,,,B3,0,17B,621120120,50,MS.HUỲNH,CFA,"Poor Attaching(2),Dirty Upper(2)",,,,,
2,2/10/2026,TENSAUR SPORT 3.0 CF K,902153925,1,902153925-1,United Kingdom,"4,740",,PASS,3200,P1,C,Asc 02-1,2D,625080009,125,MS.HUỲNH,CFA,"Dirty Collar Lining(2),Off Center Toe Cap(2),Bonding Gap(2),Wobbling(2)",,,,,
2,2/10/2026,TENSAUR SPORT 3.0 K,901977256,1,901977256-1,Chile,111,,PASS,,,C,Asc 01-1,11D,624080127,20,MS.HUỲNH,CFA,Collar Lining Wrinkle(1),,,,,
2,2/10/2026,TENSAUR SPORT 3.0 K,901986069,1,901986069-1,USA,"1,200",,PASS,,,C,Asc 01-1,11D,624080127,80,MR.THÁI,CFA,"Wrinkle(2),Wobbling(2),Dirty O'S(2)",,,,,
2,2/10/2026,TENSAUR SPORT 3.0 K,902059721,1,902059721-1,United Kingdom,523,,PASS,,,C,Asc 04-2,27D,623090194,80,MS.HUỲNH,CFA,"Dirty O'S(1),Bonding Gap(1),Wobbling(2)",,,,,
2,2/10/2026,TENSAUR SPORT 3.0 K,902149236,1,902149236-1,Brazil,300,,PASS,,,C,Asc 02-2,4D,625100152,50,MR.NHỨT,CFA,Dirty Upper(1),,,,,
2,2/10/2026,TENSAUR SPORT 3.0 K,902160749,1,902160749-1,Peru,746,,PASS,,,C,Asc 06-2,17D,624060040,80,MRS.VY,CFA,"Dirty Collar Lining(1),Wobbling(1)",,,,,
2,2/10/2026,TENSAUR SPORT 3.0 K,902174850,1,902174850-1,Mexico,559,,PASS,,,C,Asc 02-1,2D,625080009,80,MR.THÁI,CFA,"Dirty O'S(2),Dirty Upper(1),Dirty Collar Lining(1)",,,,,
2,2/10/2026,TENSAUR SPORT 3.0 K,902219983,1,902219983-1,Mexico,954,,PASS,,,C,Asc 01-1,11D,624080127,80,MR.NHỨT,CFA,"Collar Lining Wrinkle(1),Dirty O'S(1)",,,,,
2,2/10/2026,RUNFALCON 6 J,902033936,1,902033936-1,Italy,505,,PASS,,,C,Asc 09-2,24D,623090032,80,MS.NGÂN,CFA,"Poor Shape(1),Over Cement(2),Over Primer O'S(1)",,,,,
2,2/10/2026,RUNFALCON 6 J,902033938,1,902033938-1,Italy,120,,PASS,,,C,Asc 05-2,10D,624040283,20,MR.NHỨT,CFA,Over Cement(1),,,,,
2,2/10/2026,RUNFALCON 6 J,902056698,1,902056698-1,Monaco,150,,PASS,,,C,Asc 10-2,9D,625120023,20,MS.HUỲNH,CFA,Over Cement(1),,,,,
2,2/10/2026,VS PACE 2.0,902170182,1,902170182-1,Netherlands,370,,PASS,,,D,Asc 10-2,28C,624100065,50,MR.NHỨT,CFA,Dirty Upper(1),,,,,
2,2/10/2026,VS PACE 2.0,902173179,1,902173179-1,United Kingdom,"5,310",,PASS,2110,PC,D,Asc 04-2,12C,624080082,125,MR.THÁI,CFA,"Bonding Gap(2),Dirty O'S(2),Wrinkle(2)",,,,,
2,2/10/2026,URBAN COURT,902161230,1,902161230-1,India,961,,PASS,,,D,Asc 06-1,36C,625050250,80,MR.THÁI,CFA,"Wrinkle(2),Wobbling(2),Bonding Gap(2)",,,,,
2,2/10/2026,URBAN COURT,902162970,1,902162970-1,Utd.Arab Emir.,535,,PASS,,,D,Asc 06-1,36C,625050250,80,MR.THÁI,CFA,"Dirty O'S(1),Bonding Gap(1),Collar Lining Wrinkle(1),Wobbling(1)",,,,,
2,2/10/2026,URBAN COURT,902174949,1,902174949-1,Mexico,445,,PASS,,,D,Asc 06-1,36C,625050250,50,MS.NGÂN,CFA,"Wrinkle(2),Dirty Collar Lining(2)",,,,,
2,2/10/2026,URBAN COURT,902177254,1,902177254-1,Netherlands,323,,PASS,,,D,Asc 08-1,1C,623090139,50,MR.THÁI,CFA,"Collar Lining Wrinkle(1),Dirty O'S(2)",,,,,
2,2/10/2026,GRAND COURT 3.0,901849967,1,901849967-1,Netherlands,"3,500",9,PASS,3200,P1,B3,7,9,621040446,125,MS.HUỲNH,CFA,"Dirty O'S(2),Uneven Collar Top Line(2)",,,,,
2,2/10/2026,GRAND COURT 3.0,901849967,1,901849967-1,Netherlands,"3,500",9,PASS,300,PC,B3,7,9,621040446,50,MR.THÁI,CFA,Dirty O'S(2),,,,,
2,2/10/2026,GRAND COURT 3.0,901963531,1,901963531-1,Netherlands,"3,500",,PASS,3200,P1,D,Asc 02-2,R6D,619080327,125,MS.HUỲNH,CFA,"Dirty O'S(2),Dirty Upper(2),Over Cement(2)",,,,,
2,2/10/2026,VS PACE 2.0,902162086,1,902162086-1,United Kingdom,"2,970",,PASS,,,D,Asc 09-2,43C,625120039,125,MR.NHỨT,CFA,"Dirty Collar Lining(2),Thread Ends(3)",,,,,
2,2/10/2026,VS PACE 2.0,902170397,1,902170397-1,Netherlands,556,,PASS,,,D,Asc 01-1,39C,625090192,80,MR.MOON,MANAGER,No issue,,CFA(NGÂN)AQL->TOP MANAGER(MR.MOON),,,
2,2/10/2026,VS PACE 2.0,902171732,1,902171732-1,Netherlands,330,,PASS,,,D,Asc 10-1,2C,623080380,50,MS.HUỲNH,CFA,"Dirty O'S(1),Thread Ends(1)",,,,,
2,2/10/2026,VS PACE 2.0,902171888,1,902171888-1,United Kingdom,"4,460",,PASS,3200,P1,D,Asc 02-1,37C,625080102,125,MR.NHỨT,CFA,Dirty Upper(3),,,,,
2,2/10/2026,VS PACE 2.0,902177707,1,902177707-1,Netherlands,343,,PASS,,,D,Asc 09-1,43C,625120039,50,MR.THÁI,CFA,"Poor Shape(2),Dirty O'S(2)",,,,,
2,2/10/2026,VS PACE 2.0,902177775,1,902177775-1,Netherlands,420,,PASS,,,D,Asc 10-2,28C,624100065,50,MS.HUỲNH,CFA,"Dirty Collar Lining(2),Dirty Upper(2)",,,,,
2,2/10/2026,VS PACE 2.0,902182715,1,902182715-1,Netherlands,"3,500",,PASS,300,PC,D,Asc 10-2,28C,624100065,50,MR.THÁI,CFA,"Bonding Gap(2),Thread Ends(1)",,,,,
2,2/10/2026,VS PACE 2.0,902182978,1,902182978-1,Netherlands,310,,PASS,,,D,Asc 10-2,28C,624100065,50,MS.NGÂN,CFA,"Poor Shape(2),Dirty Collar Lining(2)",,,,,
2,2/10/2026,RUNFALCON 6 J,901963769,1,901963769-1,Italy,150,,PASS,,,D,Asc 03-2,R6D,619080327,20,MRS.VY,CFA,Off Center(1),,,,,
2,2/10/2026,RUNFALCON 6 J,901963885,1,901963885-1,Italy,"1,230",,PASS,,,D,Asc 01-2,35C,625050156,125,MR.THÁI,CFA,"Collar Lining Wrinkle(2),Bonding Gap(2),Dirty Upper(2)",,,,,
2,2/10/2026,RUNFALCON 6 J,901963979,1,901963979-1,Italy,705,,PASS,,,D,Asc 03-2,34C,625020591,80,MR.THÁI,CFA,"Over Primer O'S(2),Dirty Collar Lining(2)",,,,,
2,2/10/2026,RUNFALCON 6 J,902160143,1,902160143-1,Peru,680,,PASS,,,D,Asc 03-2,9,621040446,20,MR.BÌNH,LOP,No issue,,,,,
2,2/10/2026,GALAXY 7 W,902224889,1,902224889-1,Canada,415,,PASS,,,C,Asc 07-2,29D,624040410,50,MR.NHỨT,CFA,"Collar Lining Wrinkle(1),Dirty Collar Lining(1)",,,,,
2,2/10/2026,TENSAUR SPORT 3.0 CF I,902156041,1,902156041-1,Peru,300,,FAIL,,,A,Asc 04-1,18A,623100210,50,MRS.VY,CFA,"Off Center(6),Dirty Collar Lining(2),Wobbling(8)",OFFICIAL,,,,
2,2/10/2026,RUNFALCON 6 EL C,902229736,1,902229736-1,Spain,325,,FAIL,,,C,Asc 03-1,8C,624070252,13,MR.BÌNH,LOP,Over Cement(8),OFFICIAL,,,,not update pivot88
2,2/11/2026,LITE RACER ADAPT 7.0 I,902230533,1,902230533-1,USA,321,,PASS,,,A,Asc 06-1,25A,624030105,50,MRS.VY,CFA,Bonding Gap(1),,,,,
2,2/11/2026,ASPYRE 3 STRIPES,902055064,1,902055064-1,Peru,170,,PASS,,,A,Asc 11-2,22A,624060318,32,MR.NHỨT,CFA,Over Cement(1),,,,,
2,2/11/2026,ASPYRE 3 STRIPES,902072683,1,902072683-1,Mexico,"1,098",,PASS,,,A,Asc 11-2,2A,621110407,80,MRS.VY,CFA,"Dirty Collar Lining(1),Wrinkle(1)",,,,,
2,2/11/2026,RUNFALCON 6 EL I,902033966,1,902033966-1,Netherlands,650,,PASS,,,A,Asc 08-2,45A,625110021,80,MR.NHỨT,CFA,Over Cement(1),,,,,
2,2/11/2026,RUNFALCON 6 EL I,902033968,1,902033968-1,Netherlands,400,,PASS,,,A,Asc 08-2,45A,625110021,50,MR.NHỨT,CFA,Over Cement(1),,,,,
2,2/11/2026,RUNFALCON 6 EL I,902045589,1,902045589-1,Italy,320,,PASS,,,A,Asc 08-2,45A,625110021,50,MS.HUỲNH,CFA,"Bonding Gap(2),Dirty M'S(2)",,,,,
2,2/11/2026,TENSAUR SPORT 3.0 CF I,901985976,1,901985976-1,Netherlands,"4,200",,PASS,3200,P1,A,Asc 10-2,42A,625100252,125,MS.HUỲNH,CFA,"Bonding Gap(2),Off Center(2),Dirty O'S(2)",,,,,
2,2/11/2026,TENSAUR SPORT 3.0 CF I,901987242,1,901987242-1,USA,"1,200",,PASS,,,A,Asc 10-1,16A,624100316,80,MR.THÁI,CFA,"Dirty Collar Lining(3),Dirty O'S(2)",,,,,
2,2/11/2026,TENSAUR SPORT 3.0 CF I,902055391,1,902055391-1,Netherlands,400,,PASS,,,A,Asc 02-1,R4A,620080362,50,MS.NGÂN,CFA,Bonding Gap(2),,,,,
2,2/11/2026,TENSAUR SPORT 3.0 CF I,902071213,1,902071213-1,Netherlands,332,,PASS,,,A,Asc 04-1,18A,623100210,50,MS.HUỲNH,CFA,Dirty Collar Lining(1),,,,,
2,2/11/2026,TENSAUR SPORT 3.0 CF I,902072859,1,902072859-1,Spain,251,,PASS,,,A,Asc 04-1,18A,623100210,32,MS.NGÂN,CFA,Dirty Collar Lining(1),,,,,
2,2/11/2026,TENSAUR SPORT 3.0 CF I,902072991,1,902072991-1,Spain,300,,PASS,,,A,Asc 10-1,16A,624100316,50,MS.NGÂN,CFA,"Bonding Gap(1),Poor Shape(1)",,,,,
2,2/11/2026,TENSAUR SPORT 3.0 CF I,902159898,1,902159898-1,Netherlands,500,,PASS,,,A,Asc 02-1,R4A,620080362,50,MR.NHỨT,CFA,"Wrinkle(1),Off Center(1)",,,,,
2,2/11/2026,TENSAUR SPORT 3.0 CF I,902179156,1,902179156-1,Netherlands,"4,200",,PASS,3200,P1,A,Asc 11-1,9A,622080458,125,MRS.VY,CFA,"Wobbling(2),Poor Shape(2)",,,,,
2,2/11/2026,TENSAUR SPORT 3.0 CF I,902228654,1,902228654-1,Spain,"1,565",,PASS,,,A,Asc 04-1,18A,623100210,125,MS.NGÂN,CFA,"Thread Ends(2),Dirty Upper(2),Bonding Gap(2)",,,,,
2,2/11/2026,Tensaur Run 3.0 EL I,902127982,1,902127982-1,Chile,1,,PASS,,,A,Asc 06-2,17A,624030271,1,MS.HUỲNH,CFA,No issue,,,,,
2,2/11/2026,TENSAUR SPORT 3.0 CF K,902165650,1,902165650-1,Turkey,"3,709",,PASS,509,PC,A,Asc 03-2,13A,625120045,80,MR.THÁI,CFA,"Collar Lining Wrinkle(2),Dirty Upper(3)",,,,,
2,2/11/2026,TENSAUR SPORT 3.0 CF K,901970661,1,901970661-1,Utd.Arab Emir.,150,,PASS,,,A,Asc 03-2,13A,625120045,20,MR.THÁI,CFA,"Wrinkle(1),Wobbling(1)",,,,,
2,2/11/2026,VL COURT 3.0 K,902072530,1,902072530-1,Netherlands,"7,123",,PASS,723,PC,A,Asc 03-1,29A,624030533,80,MS.NGÂN,CFA,"Wobbling(2),Crooked Toe Cap(2),Wrinkle(2)",,,,,
2,2/11/2026,LIGHTSHIFT 2.0,902057640,1,902057640-1,Peru,181,,PASS,,,A,Asc 02-2,7A,625020551,32,MR.NHỨT,CFA,Off Center(1),,,,,
2,2/11/2026,LIGHTSHIFT 2.0,902518784,1,902518784-1,Malaysia,"1,000",,PASS,,,A,Asc 02-2,7A,625020551,80,MRS.VY,CFA,"Off Center(1),Over Cement(1),Dirty Collar Lining(1)",,,,,
2,2/11/2026,LIGHTSHIFT,901665810,1,901665810-1,South Korea,"6,000",11A,PASS,3200,P1,B3,0,11A,622021048,125,MR.NHỨT,CFA,"Dirty Collar Lining(1),Wrinkle(2),Over Cement(2)",,,,,
2,2/11/2026,RUNFALCON 6 EL C,902033940,1,902033940-1,Italy,670,19A,PASS,,,B3,0,19A,621110258,80,MS.HUỲNH,CFA,"Wrinkle(2),Dirty Upper(1)",,,,,
2,2/11/2026,RUNFALCON 6 J,902150103,1,902150103-1,Italy,410,,PASS,,,A,Asc 07-2,12A,622021407,50,MR.THÁI,CFA,"Dirty Collar Lining(2),Dirty O'S(2)",,,,,
2,2/11/2026,TENSAUR SPORT 3.0 CF K,902152323,1,902152323-1,United Kingdom,818,,PASS,,,B,Asc 03-2,84L,622030320,80,MR.THÁI,CFA,"Wobbling(1),Poor Attaching(1),Dirty Upper(2)",,,,,
2,2/11/2026,TENSAUR SPORT 3.0 CF K,902219883,1,902219883-1,United Kingdom,330,,PASS,,,B,Asc 04-1,9B,621030996,50,MR.THÁI,CFA,"Wobbling(1),Dirty Collar Lining(1),Dirty O'S(1)",,,,,
2,2/11/2026,TENSAUR SPORT 3.0 CF K,902001524,1,902001524-1,Netherlands,"1,000",,PASS,,,B,Asc 02-1,33B,624050450,80,MS.HUỲNH,CFA,"Over Cement(2),Poor Attaching(2)",,,,,
2,2/11/2026,TENSAUR SPORT 3.0 CF K,902058039,1,902058039-1,Netherlands,300,,PASS,,,B,Asc 05-1,6B,621060243,50,MS.NGÂN,CFA,Poor Attaching(2),,,,,
2,2/11/2026,TENSAUR SPORT 3.0 CF K,902152864,1,902152864-1,Netherlands,"8,160",,PASS,3200,P1,B,Asc 06-2,26B,623090198,125,MS.NGÂN,CFA,"Dirty Collar Lining(3),Dirty O'S(3)",,,,,
2,2/11/2026,TENSAUR SPORT 3.0 CF K,902156425,1,902156425-1,United Kingdom,385,,PASS,,,B,Asc 02-1,33B,624050450,50,MS.NGÂN,CFA,"Wobbling(1),Dirty Collar Lining(1)",,,,,
2,2/11/2026,TENSAUR SPORT 3.0 CF K,902172088,1,902172088-1,Turkey,"3,671",,PASS,471,PC,B,Asc 01-1,27A,621030280,50,MRS.VY,CFA,"Dirty O'S(1),Dirty Collar Lining(1)",,,,,
2,2/11/2026,GALAXY 7 M,902224713,1,902224713-1,Utd.Arab Emir.,147,,PASS,,,C,Asc 06-1,16,621070084,20,MS.NGÂN,CFA,Dirty M'S(1),,,,,
2,2/11/2026,GALAXY 7 M,902224724,1,902224724-1,Utd.Arab Emir.,264,,PASS,,,C,Asc 06-1,16,621070084,32,MR.NHỨT,CFA,Dirty M'S(1),,,,,
2,2/11/2026,GALAXY 7 M,902224833,1,902224833-1,Canada,439,,PASS,,,C,Asc 10-1,13D,624100308,50,MRS.VY,CFA,"Dirty Upper(1),Wrinkle(1)",,,,,
2,2/11/2026,GALAXY 7 M,902225040,1,902225040-1,USA,792,15D,PASS,,,B3,3,15D,622020913,80,MS.NGÂN,CFA,Over Primer O'S(3),,,,,
2,2/11/2026,GALAXY 7 M,902522451,1,902522451-1,Malaysia,199,,PASS,,,C,Asc 10-1,13D,624100308,32,MR.NHỨT,CFA,Dirty Upper(1),,,,,
2,2/11/2026,GALAXY 7 M,902224842,1,902224842-1,Canada,300,,PASS,,,C,Asc 06-1,16,621070084,50,MS.HUỲNH,CFA,"Collar Lining Wrinkle(1),Wobbling(1),Over Cement(1)",,,,,
2,2/11/2026,GALAXY 7 M,902224986,1,902224986-1,USA,311,,PASS,,,C,Asc 06-1,16,621070084,50,MS.HUỲNH,CFA,"Wrinkle(1),Dirty M'S(1)",,,,,
2,2/11/2026,GALAXY 7 M,902224991,1,902224991-1,USA,343,,PASS,,,C,Asc 10-1,13D,624100308,50,MR.NHỨT,CFA,"Off Center(1),Wrinkle(1)",,,,,
2,2/11/2026,GALAXY 7 W,902224719,1,902224719-1,Utd.Arab Emir.,360,,PASS,,,C,Asc 07-2,29D,624040410,50,MS.HUỲNH,CFA,"Toe Spring(1),Dirty M'S(1)",,,,,
2,2/11/2026,GALAXY 7 W,902224981,1,902224981-1,USA,716,,PASS,,,C,Asc 11-2,28D,625080255,80,MS.HUỲNH,CFA,"Wobbling(2),Dirty Upper(2)",,,,,
2,2/11/2026,RUNFALCON 6 EL C,902055479,1,902055479-1,Utd.Arab Emir.,652,,PASS,,,C,Asc 03-2,20D,624080083,80,MRS.VY,CFA,Dirty M'S(1),,,,,
2,2/11/2026,RUNFALCON 6 EL C,902063439,1,902063439-1,Utd.Arab Emir.,"1,372",12,PASS,,,B3,2,12,625030164,125,MS.HUỲNH,CFA,"Dirty O'S(2),Poor Attaching(2)",,,,,
2,2/11/2026,RUNFALCON 6 EL C,901942065,1,901942065-1,Italy,965,1D,PASS,,,B3,0,1D,622050542,80,MR.THÁI,CFA,"Wrinkle(2),Left/Right Component Mismatch(2)",,,,,
2,2/11/2026,RUNFALCON 6 EL C,901942136,1,901942136-1,Netherlands,"1,166",,PASS,,,C,Asc 03-1,8C,624070252,80,MR.THÁI,CFA,"Dirty Collar Lining(2),Dirty M'S(2)",,,,,
2,2/11/2026,RUNFALCON 6 EL C,902033930,1,902033930-1,Netherlands,"1,232",,PASS,,,C,Asc 03-2,20D,624080083,125,MR.THÁI,CFA,"Wrinkle(2),Dirty M'S(2),Collar Lining Wrinkle(2)",,,,,
2,2/11/2026,TENSAUR SPORT 3.0 K,901847313,1,901847313-1,Brazil,"1,250",,PASS,,,C,Asc 02-1,2D,625080009,125,MS.NGÂN,CFA,"Poor Shape(2),Dirty O'S(2),Off Center(2),Bonding Gap(1)",,,,,
2,2/11/2026,TENSAUR SPORT 3.0 K,901986017,1,901986017-1,USA,"6,000",,PASS,2800,PC,C,Asc 05-1,6D,625120024,125,MR.THÁI,CFA,"Poor Shape(2),Dirty Collar Lining(2),Poor Attaching(2)",,,,,
2,2/11/2026,TENSAUR SPORT 3.0 K,902157842,1,902157842-1,Peru,274,,PASS,,,C,Asc 01-2,4D,625100152,32,MR.MOON,MANAGER,No issue,,CFA(HUỲNH)AQL->TOP MANAGER(MR.MOON),,,
2,2/11/2026,TENSAUR SPORT 3.0 K,902162273,1,902162273-1,Peru,815,,PASS,,,C,Asc 02-2,31D,624040282,80,MS.NGÂN,CFA,"Dirty Collar Lining(2),Over Cement(2)",,,,,
2,2/11/2026,TENSAUR SPORT 3.0 K,902165590,1,902165590-1,Argentina,"1,270",,PASS,,,C,Asc 02-2,31D,624040282,125,MR.MOON,MANAGER,No issue,,CFA(HUỲNH)AQL->TOP MANAGER(MR.MOON),,,
2,2/11/2026,TENSAUR SPORT 3.0 K,902174748,1,902174748-1,Mexico,702,,PASS,,,C,Asc 02-2,4D,625100152,80,MR.NHỨT,CFA,"Dirty Collar Lining(1),Wobbling(1)",,,,,
2,2/11/2026,RUNFALCON 6 J,902028682,1,902028682-1,Mexico,"4,500",,PASS,1300,PC,C,Asc 06-2,17D,624060040,125,MS.HUỲNH,CFA,"Over Cement(2),Dirty Collar Lining(2)",,,,,
2,2/11/2026,RUNFALCON 6 J,902028684,1,902028684-1,Mexico,"2,761",,PASS,,,C,Asc 06-2,17D,624060040,125,MR.NHỨT,CFA,"Dirty Upper(1),Over Cement(2),Off Center(1),Dirty Collar Lining(1)",,,,,
2,2/11/2026,RUNFALCON 6 J,902227944,1,902227944-1,Netherlands,308,,PASS,,,C,Asc 09-2,24D,623090032,50,MS.NGÂN,CFA,"Collar Lining Wrinkle(1),Dirty O'S(1)",,,,,
2,2/11/2026,VS PACE 2.0,902156096,1,902156096-1,Argentina,491,,PASS,,,D,Asc 10-1,2C,623080380,50,MRS.VY,CFA,"Dirty Upper(1),Over Cement(1)",,,,,
2,2/11/2026,ADVANTAGE,902051609,1,902051609-1,Ukraine,855,,PASS,,,D,Asc 07-2,42C,625110069,80,MR.NHỨT,CFA,"Dirty Upper(1),Collar Lining Wrinkle(1)",,,,,
2,2/11/2026,ADVANTAGE,902052905,1,902052905-1,Turkey,"1,000",,PASS,,,D,Asc 07-2,42C,625110069,80,MR.NHỨT,CFA,Dirty Collar Lining(2),,,,,
2,2/11/2026,ADVANTAGE,902053111,1,902053111-1,Utd.Arab Emir.,192,,PASS,,,D,Asc 07-2,42C,625110069,32,MR.NHỨT,CFA,Dirty Upper(1),,,,,
2,2/11/2026,ADVANTAGE,902055169,1,902055169-1,Morocco,985,,PASS,,,D,Asc 07-2,9,621040446,80,MS.HUỲNH,CFA,"Bonding Gap(1),Dirty O'S(2),Dirty Upper(2)",,,,,
2,2/11/2026,URBAN COURT,902068393,1,902068393-1,Netherlands,432,,PASS,,,D,Asc 06-2,10C,624050200,50,MR.THÁI,CFA,"Wobbling(2),Wrinkle(1)",,,,,
2,2/11/2026,URBAN COURT,902173260,1,902173260-1,Mexico,545,,PASS,,,D,Asc 06-2,10C,624050200,80,MR.NHỨT,CFA,"Wobbling(1),Dirty Collar Lining(1)",,,,,
2,2/11/2026,URBAN COURT,902176483,1,902176483-1,Mexico,"1,160",,PASS,,,D,Asc 06-1,36C,625050250,80,MS.HUỲNH,CFA,"Bonding Gap(1),Wrinkle(2),Dirty Upper(2)",,,,,
2,2/11/2026,URBAN COURT,902228337,1,902228337-1,Spain,360,,PASS,,,D,Asc 08-2,17C,624030608,50,MR.THÁI,CFA,"Bonding Gap(1),Dirty O'S(1)",,,,,
2,2/11/2026,URBAN COURT,902229764,1,902229764-1,Spain,655,,PASS,,,D,Asc 06-2,10C,624050200,80,MRS.VY,CFA,Needle Hole(1),,,,,
2,2/11/2026,VL COURT 3.0 K,902005349,1,902005349-1,USA,"5,310",,PASS,2110,PC,D,Asc 05-1,18D,625030163,125,MR.NHỨT,CFA,Wobbling(2),,,,,
2,2/11/2026,VL COURT 3.0 K,902005578,1,902005578-1,USA,"4,290",,PASS,3200,P1,D,Asc 07-1,41C,625100189,125,MS.NGÂN,CFA,"Over Primer O'S(2),Dirty Upper(2),Thread Ends(1),Wobbling(1),Over Cement(1)",,,,,
2,2/11/2026,GRAND COURT 3.0,902058294,1,902058294-1,United Kingdom,460,,PASS,,,D,Asc 02-1,37C,625080102,50,MRS.VY,CFA,"Dirty Collar Lining(1),Bonding Gap(1)",,,,,
2,2/11/2026,VS PACE 2.0,902181421,1,902181421-1,Netherlands,470,,PASS,,,D,Asc 02-1,37C,625080102,50,MRS.VY,CFA,Bonding Gap(1),,,,,
2,2/11/2026,VS PACE 2.0,902184484,1,902184484-1,United Kingdom,300,,PASS,,,D,Asc 11-1,38C,625090293,50,MS.HUỲNH,CFA,"Wrinkle(2),Fraying(1)",,,,,
2,2/11/2026,VS PACE 2.0,902184563,1,902184563-1,United Kingdom,400,,PASS,,,D,Asc 11-1,38C,625090293,50,MRS.VY,CFA,Dirty O'S(1),,,,,
2,2/11/2026,VS PACE 2.0,902185696,1,902185696-1,Netherlands,360,,PASS,,,D,Asc 10-2,28C,624100065,50,MR.NHỨT,CFA,Bonding Gap(1),,,,,
2,2/11/2026,RUNFALCON 6 J,901969621,1,901969621-1,Netherlands,"3,200",,PASS,,,D,Asc 03-2,9,621040446,125,MS.HUỲNH,CFA,"Bonding Gap Stockfit(2),Bonding Gap(2),Wrinkle(2),Dirty M'S(2)",,,,,
2,2/11/2026,RUNFALCON 6 J,902055162,1,902055162-1,Monaco,250,,PASS,,,D,Asc 02-2,35C,625050156,32,MRS.VY,CFA,"Wrinkle(1),Dirty Collar Lining(1)",,,,,
